0.000000000000000000e+00,nan
8.333333333333332871e-02,nan
1.666666666666666574e-01,nan
2.500000000000000000e-01,nan
3.333333333333333148e-01,nan
4.166666666666666297e-01,nan
5.000000000000000000e-01,nan
5.833333333333332593e-01,nan
6.666666666666666297e-01,nan
7.500000000000000000e-01,nan
8.333333333333332593e-01,nan
9.166666666666666297e-01,nan
1.000000000000000000e+00,nan
1.083333333333333259e+00,nan
1.166666666666666519e+00,nan
1.250000000000000000e+00,nan
1.333333333333333259e+00,nan
1.416666666666666519e+00,nan
1.500000000000000000e+00,nan
1.583333333333333259e+00,nan
1.666666666666666519e+00,nan
1.750000000000000000e+00,nan
1.833333333333333259e+00,nan
1.916666666666666519e+00,nan
2.000000000000000000e+00,nan
2.083333333333333037e+00,nan
2.166666666666666519e+00,nan
2.250000000000000000e+00,nan
2.333333333333333037e+00,nan
2.416666666666666519e+00,nan
2.500000000000000000e+00,nan
2.583333333333333037e+00,nan
2.666666666666666519e+00,nan
2.750000000000000000e+00,nan
2.833333333333333037e+00,nan
2.916666666666666519e+00,nan
3.000000000000000000e+00,nan
3.083333333333333037e+00,nan
3.166666666666666519e+00,nan
3.250000000000000000e+00,nan
3.333333333333333037e+00,nan
3.416666666666666519e+00,nan
3.500000000000000000e+00,nan
3.583333333333333037e+00,nan
3.666666666666666519e+00,nan
3.750000000000000000e+00,nan
3.833333333333333037e+00,nan
3.916666666666666519e+00,nan
4.000000000000000000e+00,nan
4.083333333333333037e+00,nan
4.166666666666666075e+00,nan
4.250000000000000000e+00,nan
4.333333333333333037e+00,nan
4.416666666666666075e+00,nan
4.500000000000000000e+00,nan
4.583333333333333037e+00,nan
4.666666666666666075e+00,nan
4.750000000000000000e+00,nan
4.833333333333333037e+00,nan
4.916666666666666075e+00,nan
5.000000000000000000e+00,nan
5.083333333333333037e+00,nan
5.166666666666666075e+00,nan
5.250000000000000000e+00,nan
5.333333333333333037e+00,nan
5.416666666666666075e+00,nan
5.500000000000000000e+00,nan
5.583333333333333037e+00,nan
5.666666666666666075e+00,nan
5.750000000000000000e+00,nan
5.833333333333333037e+00,nan
5.916666666666666075e+00,nan
6.000000000000000000e+00,nan
6.083333333333333037e+00,nan
6.166666666666666075e+00,nan
6.250000000000000000e+00,nan
6.333333333333333037e+00,nan
6.416666666666666075e+00,nan
6.500000000000000000e+00,nan
6.583333333333333037e+00,nan
6.666666666666666075e+00,nan
6.750000000000000000e+00,nan
6.833333333333333037e+00,nan
6.916666666666666075e+00,nan
7.000000000000000000e+00,nan
7.083333333333333037e+00,nan
7.166666666666666075e+00,nan
7.250000000000000000e+00,nan
7.333333333333333037e+00,nan
7.416666666666666075e+00,nan
7.500000000000000000e+00,nan
7.583333333333333037e+00,nan
7.666666666666666075e+00,nan
7.750000000000000000e+00,nan
7.833333333333333037e+00,nan
7.916666666666666075e+00,nan
8.000000000000000000e+00,nan
8.083333333333332149e+00,nan
8.166666666666666075e+00,nan
8.250000000000000000e+00,nan
8.333333333333332149e+00,nan
8.416666666666666075e+00,nan
8.500000000000000000e+00,nan
8.583333333333332149e+00,nan
8.666666666666666075e+00,nan
8.750000000000000000e+00,nan
8.833333333333332149e+00,nan
8.916666666666666075e+00,nan
9.000000000000000000e+00,nan
9.083333333333332149e+00,nan
9.166666666666666075e+00,nan
9.250000000000000000e+00,nan
9.333333333333332149e+00,nan
9.416666666666666075e+00,nan
9.500000000000000000e+00,nan
9.583333333333332149e+00,nan
9.666666666666666075e+00,nan
9.750000000000000000e+00,nan
9.833333333333332149e+00,nan
9.916666666666666075e+00,nan
1.000000000000000000e+01,nan
1.008333333333333215e+01,nan
1.016666666666666607e+01,nan
1.025000000000000000e+01,nan
1.033333333333333215e+01,nan
1.041666666666666607e+01,nan
1.050000000000000000e+01,nan
1.058333333333333215e+01,nan
1.066666666666666607e+01,nan
1.075000000000000000e+01,nan
1.083333333333333215e+01,nan
1.091666666666666607e+01,nan
1.100000000000000000e+01,nan
1.108333333333333215e+01,nan
1.116666666666666607e+01,nan
1.125000000000000000e+01,nan
1.133333333333333215e+01,nan
1.141666666666666607e+01,nan
1.150000000000000000e+01,nan
1.158333333333333215e+01,nan
1.166666666666666607e+01,nan
1.175000000000000000e+01,nan
1.183333333333333215e+01,nan
1.191666666666666607e+01,nan
1.200000000000000000e+01,nan
1.208333333333333215e+01,nan
1.216666666666666607e+01,nan
1.225000000000000000e+01,nan
1.233333333333333215e+01,nan
1.241666666666666607e+01,nan
1.250000000000000000e+01,nan
1.258333333333333215e+01,nan
1.266666666666666607e+01,nan
1.275000000000000000e+01,nan
1.283333333333333215e+01,nan
1.291666666666666607e+01,nan
1.300000000000000000e+01,nan
1.308333333333333215e+01,nan
1.316666666666666607e+01,nan
1.325000000000000000e+01,nan
1.333333333333333215e+01,nan
1.341666666666666607e+01,nan
1.350000000000000000e+01,nan
1.358333333333333215e+01,nan
1.366666666666666607e+01,nan
1.375000000000000000e+01,nan
1.383333333333333215e+01,nan
1.391666666666666607e+01,nan
1.400000000000000000e+01,nan
1.408333333333333215e+01,nan
1.416666666666666607e+01,nan
1.425000000000000000e+01,nan
1.433333333333333215e+01,nan
1.441666666666666607e+01,nan
1.450000000000000000e+01,nan
1.458333333333333215e+01,nan
1.466666666666666607e+01,nan
1.475000000000000000e+01,nan
1.483333333333333215e+01,nan
1.491666666666666607e+01,nan
1.500000000000000000e+01,nan
1.508333333333333215e+01,nan
1.516666666666666607e+01,nan
1.525000000000000000e+01,nan
1.533333333333333215e+01,nan
1.541666666666666607e+01,nan
1.550000000000000000e+01,nan
1.558333333333333215e+01,nan
1.566666666666666607e+01,nan
1.575000000000000000e+01,nan
1.583333333333333215e+01,nan
1.591666666666666607e+01,nan
1.600000000000000000e+01,nan
1.608333333333333215e+01,nan
1.616666666666666430e+01,nan
1.625000000000000000e+01,nan
1.633333333333333215e+01,nan
1.641666666666666430e+01,nan
1.650000000000000000e+01,nan
1.658333333333333215e+01,nan
1.666666666666666430e+01,nan
1.675000000000000000e+01,nan
1.683333333333333215e+01,nan
1.691666666666666430e+01,nan
1.700000000000000000e+01,nan
1.708333333333333215e+01,nan
1.716666666666666430e+01,nan
1.725000000000000000e+01,nan
1.733333333333333215e+01,nan
1.741666666666666430e+01,nan
1.750000000000000000e+01,nan
1.758333333333333215e+01,nan
1.766666666666666430e+01,nan
1.775000000000000000e+01,nan
1.783333333333333215e+01,nan
1.791666666666666430e+01,nan
1.800000000000000000e+01,nan
1.808333333333333215e+01,nan
1.816666666666666430e+01,nan
1.825000000000000000e+01,nan
1.833333333333333215e+01,nan
1.841666666666666430e+01,nan
1.850000000000000000e+01,nan
1.858333333333333215e+01,nan
1.866666666666666430e+01,nan
1.875000000000000000e+01,nan
1.883333333333333215e+01,nan
1.891666666666666430e+01,nan
1.900000000000000000e+01,nan
1.908333333333333215e+01,nan
1.916666666666666430e+01,nan
1.925000000000000000e+01,nan
1.933333333333333215e+01,nan
1.941666666666666430e+01,nan
1.950000000000000000e+01,nan
1.958333333333333215e+01,nan
1.966666666666666430e+01,nan
1.975000000000000000e+01,nan
1.983333333333333215e+01,nan
1.991666666666666430e+01,nan
2.000000000000000000e+01,nan
2.008333333333333215e+01,nan
2.016666666666666430e+01,nan
2.025000000000000000e+01,nan
2.033333333333333215e+01,nan
2.041666666666666430e+01,nan
2.050000000000000000e+01,nan
2.058333333333333215e+01,nan
2.066666666666666430e+01,nan
2.075000000000000000e+01,nan
2.083333333333333215e+01,nan
2.091666666666666430e+01,nan
2.100000000000000000e+01,nan
2.108333333333333215e+01,nan
2.116666666666666430e+01,nan
2.125000000000000000e+01,nan
2.133333333333333215e+01,nan
2.141666666666666430e+01,nan
2.150000000000000000e+01,nan
2.158333333333333215e+01,nan
2.166666666666666430e+01,nan
2.175000000000000000e+01,nan
2.183333333333333215e+01,nan
2.191666666666666430e+01,nan
2.200000000000000000e+01,nan
2.208333333333333215e+01,nan
2.216666666666666430e+01,nan
2.225000000000000000e+01,nan
2.233333333333333215e+01,nan
2.241666666666666430e+01,nan
2.250000000000000000e+01,nan
2.258333333333333215e+01,nan
2.266666666666666430e+01,nan
2.275000000000000000e+01,nan
2.283333333333333215e+01,nan
2.291666666666666430e+01,nan
2.300000000000000000e+01,nan
2.308333333333333215e+01,nan
2.316666666666666430e+01,nan
2.325000000000000000e+01,nan
2.333333333333333215e+01,nan
2.341666666666666430e+01,nan
2.350000000000000000e+01,nan
2.358333333333333215e+01,nan
2.366666666666666430e+01,nan
2.375000000000000000e+01,nan
2.383333333333333215e+01,nan
2.391666666666666430e+01,nan
2.400000000000000000e+01,nan
2.408333333333333215e+01,nan
2.416666666666666430e+01,nan
2.425000000000000000e+01,nan
2.433333333333333215e+01,nan
2.441666666666666430e+01,nan
2.450000000000000000e+01,nan
2.458333333333333215e+01,nan
2.466666666666666430e+01,nan
2.475000000000000000e+01,nan
2.483333333333333215e+01,nan
2.491666666666666430e+01,nan
2.500000000000000000e+01,nan
2.508333333333333215e+01,nan
2.516666666666666430e+01,nan
2.525000000000000000e+01,nan
2.533333333333333215e+01,nan
2.541666666666666430e+01,nan
2.550000000000000000e+01,nan
2.558333333333333215e+01,nan
2.566666666666666430e+01,nan
2.575000000000000000e+01,nan
2.583333333333333215e+01,nan
2.591666666666666430e+01,nan
2.600000000000000000e+01,nan
2.608333333333333215e+01,nan
2.616666666666666430e+01,nan
2.625000000000000000e+01,nan
2.633333333333333215e+01,nan
2.641666666666666430e+01,nan
2.650000000000000000e+01,nan
2.658333333333333215e+01,nan
2.666666666666666430e+01,nan
2.675000000000000000e+01,nan
2.683333333333333215e+01,nan
2.691666666666666430e+01,nan
2.700000000000000000e+01,nan
2.708333333333333215e+01,nan
2.716666666666666430e+01,nan
2.725000000000000000e+01,nan
2.733333333333333215e+01,nan
2.741666666666666430e+01,nan
2.750000000000000000e+01,nan
2.758333333333333215e+01,nan
2.766666666666666430e+01,nan
2.775000000000000000e+01,nan
2.783333333333333215e+01,nan
2.791666666666666430e+01,nan
2.800000000000000000e+01,nan
2.808333333333333215e+01,nan
2.816666666666666430e+01,nan
2.825000000000000000e+01,nan
2.833333333333333215e+01,nan
2.841666666666666430e+01,nan
2.850000000000000000e+01,nan
2.858333333333333215e+01,nan
2.866666666666666430e+01,nan
2.875000000000000000e+01,nan
2.883333333333333215e+01,nan
2.891666666666666430e+01,nan
2.900000000000000000e+01,nan
2.908333333333333215e+01,nan
2.916666666666666430e+01,nan
2.925000000000000000e+01,nan
2.933333333333333215e+01,nan
2.941666666666666430e+01,nan
2.950000000000000000e+01,nan
2.958333333333333215e+01,nan
2.966666666666666430e+01,nan
2.975000000000000000e+01,nan
2.983333333333333215e+01,nan
2.991666666666666430e+01,nan
3.000000000000000000e+01,nan
3.008333333333333215e+01,nan
3.016666666666666430e+01,nan
3.025000000000000000e+01,nan
3.033333333333333215e+01,nan
3.041666666666666430e+01,nan
3.050000000000000000e+01,nan
3.058333333333333215e+01,nan
3.066666666666666430e+01,nan
3.075000000000000000e+01,nan
3.083333333333333215e+01,nan
3.091666666666666430e+01,nan
3.100000000000000000e+01,nan
3.108333333333333215e+01,nan
3.116666666666666430e+01,nan
3.125000000000000000e+01,nan
3.133333333333333215e+01,nan
3.141666666666666430e+01,nan
3.150000000000000000e+01,nan
3.158333333333333215e+01,nan
3.166666666666666430e+01,nan
3.175000000000000000e+01,nan
3.183333333333333215e+01,nan
3.191666666666666430e+01,nan
3.200000000000000000e+01,nan
3.208333333333332860e+01,nan
3.216666666666666430e+01,nan
3.225000000000000000e+01,nan
3.233333333333332860e+01,nan
3.241666666666666430e+01,nan
3.250000000000000000e+01,nan
3.258333333333332860e+01,nan
3.266666666666666430e+01,nan
3.275000000000000000e+01,nan
3.283333333333332860e+01,nan
3.291666666666666430e+01,nan
3.300000000000000000e+01,nan
3.308333333333332860e+01,nan
3.316666666666666430e+01,nan
3.325000000000000000e+01,nan
3.333333333333332860e+01,nan
3.341666666666666430e+01,nan
3.350000000000000000e+01,nan
3.358333333333332860e+01,nan
3.366666666666666430e+01,nan
3.375000000000000000e+01,nan
3.383333333333332860e+01,nan
3.391666666666666430e+01,nan
3.400000000000000000e+01,nan
3.408333333333332860e+01,nan
3.416666666666666430e+01,nan
3.425000000000000000e+01,nan
3.433333333333332860e+01,nan
3.441666666666666430e+01,nan
3.450000000000000000e+01,nan
3.458333333333332860e+01,nan
3.466666666666666430e+01,nan
3.475000000000000000e+01,nan
3.483333333333332860e+01,nan
3.491666666666666430e+01,nan
3.500000000000000000e+01,nan
3.508333333333332860e+01,nan
3.516666666666666430e+01,nan
3.525000000000000000e+01,nan
3.533333333333332860e+01,nan
3.541666666666666430e+01,nan
3.550000000000000000e+01,nan
3.558333333333332860e+01,nan
3.566666666666666430e+01,nan
3.575000000000000000e+01,nan
3.583333333333332860e+01,nan
3.591666666666666430e+01,nan
3.600000000000000000e+01,nan
3.608333333333332860e+01,nan
3.616666666666666430e+01,nan
3.625000000000000000e+01,nan
3.633333333333332860e+01,nan
3.641666666666666430e+01,nan
3.650000000000000000e+01,nan
3.658333333333332860e+01,nan
3.666666666666666430e+01,nan
3.675000000000000000e+01,nan
3.683333333333332860e+01,nan
3.691666666666666430e+01,nan
3.700000000000000000e+01,nan
3.708333333333332860e+01,nan
3.716666666666666430e+01,nan
3.725000000000000000e+01,nan
3.733333333333332860e+01,nan
3.741666666666666430e+01,nan
3.750000000000000000e+01,nan
3.758333333333332860e+01,nan
3.766666666666666430e+01,nan
3.775000000000000000e+01,nan
3.783333333333332860e+01,nan
3.791666666666666430e+01,nan
3.800000000000000000e+01,nan
3.808333333333332860e+01,nan
3.816666666666666430e+01,nan
3.825000000000000000e+01,nan
3.833333333333332860e+01,nan
3.841666666666666430e+01,nan
3.850000000000000000e+01,nan
3.858333333333332860e+01,nan
3.866666666666666430e+01,nan
3.875000000000000000e+01,nan
3.883333333333332860e+01,nan
3.891666666666666430e+01,nan
3.900000000000000000e+01,nan
3.908333333333332860e+01,nan
3.916666666666666430e+01,nan
3.925000000000000000e+01,nan
3.933333333333332860e+01,nan
3.941666666666666430e+01,nan
3.950000000000000000e+01,nan
3.958333333333332860e+01,nan
3.966666666666666430e+01,nan
3.975000000000000000e+01,nan
3.983333333333332860e+01,nan
3.991666666666666430e+01,nan
4.000000000000000000e+01,nan
4.008333333333332860e+01,nan
4.016666666666666430e+01,nan
4.025000000000000000e+01,nan
4.033333333333332860e+01,nan
4.041666666666666430e+01,nan
4.050000000000000000e+01,nan
4.058333333333332860e+01,nan
4.066666666666666430e+01,nan
4.075000000000000000e+01,nan
4.083333333333332860e+01,nan
4.091666666666666430e+01,nan
4.100000000000000000e+01,nan
4.108333333333332860e+01,nan
4.116666666666666430e+01,nan
4.125000000000000000e+01,nan
4.133333333333332860e+01,nan
4.141666666666666430e+01,nan
4.150000000000000000e+01,nan
4.158333333333332860e+01,nan
4.166666666666666430e+01,nan
4.175000000000000000e+01,nan
4.183333333333332860e+01,nan
4.191666666666666430e+01,nan
4.200000000000000000e+01,nan
4.208333333333332860e+01,nan
4.216666666666666430e+01,nan
4.225000000000000000e+01,nan
4.233333333333332860e+01,nan
4.241666666666666430e+01,nan
4.250000000000000000e+01,nan
4.258333333333332860e+01,nan
4.266666666666666430e+01,nan
4.275000000000000000e+01,nan
4.283333333333332860e+01,nan
4.291666666666666430e+01,nan
4.300000000000000000e+01,nan
4.308333333333332860e+01,nan
4.316666666666666430e+01,nan
4.325000000000000000e+01,nan
4.333333333333332860e+01,nan
4.341666666666666430e+01,nan
4.350000000000000000e+01,nan
4.358333333333332860e+01,nan
4.366666666666666430e+01,nan
4.375000000000000000e+01,nan
4.383333333333332860e+01,nan
4.391666666666666430e+01,nan
4.400000000000000000e+01,nan
4.408333333333332860e+01,nan
4.416666666666666430e+01,nan
4.425000000000000000e+01,nan
4.433333333333332860e+01,nan
4.441666666666666430e+01,nan
4.450000000000000000e+01,nan
4.458333333333332860e+01,nan
4.466666666666666430e+01,nan
4.475000000000000000e+01,nan
4.483333333333332860e+01,nan
4.491666666666666430e+01,nan
4.500000000000000000e+01,nan
4.508333333333332860e+01,nan
4.516666666666666430e+01,nan
4.525000000000000000e+01,nan
4.533333333333332860e+01,nan
4.541666666666666430e+01,nan
4.550000000000000000e+01,nan
4.558333333333332860e+01,nan
4.566666666666666430e+01,nan
4.575000000000000000e+01,nan
4.583333333333332860e+01,nan
4.591666666666666430e+01,nan
4.600000000000000000e+01,nan
4.608333333333332860e+01,nan
4.616666666666666430e+01,nan
4.625000000000000000e+01,nan
4.633333333333332860e+01,nan
4.641666666666666430e+01,nan
4.650000000000000000e+01,nan
4.658333333333332860e+01,nan
4.666666666666666430e+01,nan
4.675000000000000000e+01,nan
4.683333333333332860e+01,nan
4.691666666666666430e+01,nan
4.700000000000000000e+01,nan
4.708333333333332860e+01,nan
4.716666666666666430e+01,nan
4.725000000000000000e+01,nan
4.733333333333332860e+01,nan
4.741666666666666430e+01,nan
4.750000000000000000e+01,nan
4.758333333333332860e+01,nan
4.766666666666666430e+01,nan
4.775000000000000000e+01,nan
4.783333333333332860e+01,nan
4.791666666666666430e+01,nan
4.800000000000000000e+01,nan
4.808333333333332860e+01,nan
4.816666666666666430e+01,nan
4.825000000000000000e+01,nan
4.833333333333332860e+01,nan
4.841666666666666430e+01,nan
4.850000000000000000e+01,nan
4.858333333333332860e+01,nan
4.866666666666666430e+01,nan
4.875000000000000000e+01,nan
4.883333333333332860e+01,nan
4.891666666666666430e+01,nan
4.900000000000000000e+01,nan
4.908333333333332860e+01,nan
4.916666666666666430e+01,nan
4.925000000000000000e+01,nan
4.933333333333332860e+01,nan
4.941666666666666430e+01,nan
4.950000000000000000e+01,nan
4.958333333333332860e+01,nan
4.966666666666666430e+01,nan
4.975000000000000000e+01,nan
4.983333333333332860e+01,nan
4.991666666666666430e+01,nan
5.000000000000000000e+01,nan
5.008333333333332860e+01,nan
5.016666666666666430e+01,nan
5.025000000000000000e+01,nan
5.033333333333332860e+01,nan
5.041666666666666430e+01,nan
5.050000000000000000e+01,nan
5.058333333333332860e+01,nan
5.066666666666666430e+01,nan
5.075000000000000000e+01,nan
5.083333333333332860e+01,nan
5.091666666666666430e+01,nan
5.100000000000000000e+01,nan
5.108333333333332860e+01,nan
5.116666666666666430e+01,nan
5.125000000000000000e+01,nan
5.133333333333332860e+01,nan
5.141666666666666430e+01,nan
5.150000000000000000e+01,nan
5.158333333333332860e+01,nan
5.166666666666666430e+01,nan
5.175000000000000000e+01,nan
5.183333333333332860e+01,nan
5.191666666666666430e+01,nan
5.200000000000000000e+01,nan
5.208333333333332860e+01,nan
5.216666666666666430e+01,nan
5.225000000000000000e+01,nan
5.233333333333332860e+01,nan
5.241666666666666430e+01,nan
5.250000000000000000e+01,nan
5.258333333333332860e+01,nan
5.266666666666666430e+01,nan
5.275000000000000000e+01,nan
5.283333333333332860e+01,nan
5.291666666666666430e+01,nan
5.300000000000000000e+01,nan
5.308333333333332860e+01,nan
5.316666666666666430e+01,nan
5.325000000000000000e+01,nan
5.333333333333332860e+01,nan
5.341666666666666430e+01,nan
5.350000000000000000e+01,nan
5.358333333333332860e+01,nan
5.366666666666666430e+01,nan
5.375000000000000000e+01,nan
5.383333333333332860e+01,nan
5.391666666666666430e+01,nan
5.400000000000000000e+01,nan
5.408333333333332860e+01,nan
5.416666666666666430e+01,nan
5.425000000000000000e+01,nan
5.433333333333332860e+01,nan
5.441666666666666430e+01,nan
5.450000000000000000e+01,nan
5.458333333333332860e+01,nan
5.466666666666666430e+01,nan
5.475000000000000000e+01,nan
5.483333333333332860e+01,nan
5.491666666666666430e+01,nan
5.500000000000000000e+01,nan
5.508333333333332860e+01,nan
5.516666666666666430e+01,nan
5.525000000000000000e+01,nan
5.533333333333332860e+01,nan
5.541666666666666430e+01,nan
5.550000000000000000e+01,nan
5.558333333333332860e+01,nan
5.566666666666666430e+01,nan
5.575000000000000000e+01,nan
5.583333333333332860e+01,nan
5.591666666666666430e+01,nan
5.600000000000000000e+01,nan
5.608333333333332860e+01,nan
5.616666666666666430e+01,nan
5.625000000000000000e+01,nan
5.633333333333332860e+01,nan
5.641666666666666430e+01,nan
5.650000000000000000e+01,nan
5.658333333333332860e+01,nan
5.666666666666666430e+01,nan
5.675000000000000000e+01,nan
5.683333333333332860e+01,nan
5.691666666666666430e+01,nan
5.700000000000000000e+01,nan
5.708333333333332860e+01,nan
5.716666666666666430e+01,nan
5.725000000000000000e+01,nan
5.733333333333332860e+01,nan
5.741666666666666430e+01,nan
5.750000000000000000e+01,nan
5.758333333333332860e+01,nan
5.766666666666666430e+01,nan
5.775000000000000000e+01,nan
5.783333333333332860e+01,nan
5.791666666666666430e+01,nan
5.800000000000000000e+01,nan
5.808333333333332860e+01,nan
5.816666666666666430e+01,nan
5.825000000000000000e+01,nan
5.833333333333332860e+01,nan
5.841666666666666430e+01,nan
5.850000000000000000e+01,nan
5.858333333333332860e+01,nan
5.866666666666666430e+01,nan
5.875000000000000000e+01,nan
5.883333333333332860e+01,nan
5.891666666666666430e+01,nan
5.900000000000000000e+01,nan
5.908333333333332860e+01,nan
5.916666666666666430e+01,nan
5.925000000000000000e+01,nan
5.933333333333332860e+01,nan
5.941666666666666430e+01,nan
5.950000000000000000e+01,nan
5.958333333333332860e+01,nan
5.966666666666666430e+01,nan
5.975000000000000000e+01,nan
5.983333333333332860e+01,nan
5.991666666666666430e+01,nan
6.000000000000000000e+01,nan
6.008333333333332860e+01,nan
6.016666666666666430e+01,nan
6.025000000000000000e+01,nan
6.033333333333332860e+01,nan
6.041666666666666430e+01,nan
6.050000000000000000e+01,nan
6.058333333333332860e+01,nan
6.066666666666666430e+01,nan
6.075000000000000000e+01,nan
6.083333333333332860e+01,nan
6.091666666666666430e+01,nan
6.100000000000000000e+01,nan
6.108333333333332860e+01,nan
6.116666666666666430e+01,nan
6.125000000000000000e+01,nan
6.133333333333332860e+01,nan
6.141666666666666430e+01,nan
6.150000000000000000e+01,nan
6.158333333333332860e+01,nan
6.166666666666666430e+01,nan
6.175000000000000000e+01,nan
6.183333333333332860e+01,nan
6.191666666666666430e+01,nan
6.200000000000000000e+01,nan
6.208333333333332860e+01,nan
6.216666666666666430e+01,nan
6.225000000000000000e+01,nan
6.233333333333332860e+01,nan
6.241666666666666430e+01,nan
6.250000000000000000e+01,nan
6.258333333333332860e+01,nan
6.266666666666666430e+01,nan
6.275000000000000000e+01,nan
6.283333333333332860e+01,nan
6.291666666666666430e+01,nan
6.300000000000000000e+01,nan
6.308333333333332860e+01,nan
6.316666666666666430e+01,nan
6.325000000000000000e+01,nan
6.333333333333332860e+01,nan
6.341666666666666430e+01,nan
6.350000000000000000e+01,nan
6.358333333333332860e+01,nan
6.366666666666666430e+01,nan
6.375000000000000000e+01,nan
6.383333333333332860e+01,nan
6.391666666666666430e+01,nan
6.400000000000000000e+01,nan
6.408333333333332860e+01,nan
6.416666666666665719e+01,nan
6.425000000000000000e+01,nan
6.433333333333332860e+01,nan
6.441666666666665719e+01,nan
6.450000000000000000e+01,nan
6.458333333333332860e+01,nan
6.466666666666665719e+01,nan
6.475000000000000000e+01,nan
6.483333333333332860e+01,nan
6.491666666666665719e+01,nan
6.500000000000000000e+01,nan
6.508333333333332860e+01,nan
6.516666666666665719e+01,nan
6.525000000000000000e+01,nan
6.533333333333332860e+01,nan
6.541666666666665719e+01,nan
6.550000000000000000e+01,nan
6.558333333333332860e+01,nan
6.566666666666665719e+01,nan
6.575000000000000000e+01,nan
6.583333333333332860e+01,nan
6.591666666666665719e+01,nan
6.600000000000000000e+01,nan
6.608333333333332860e+01,nan
6.616666666666665719e+01,nan
6.625000000000000000e+01,nan
6.633333333333332860e+01,nan
6.641666666666665719e+01,nan
6.650000000000000000e+01,nan
6.658333333333332860e+01,nan
6.666666666666665719e+01,nan
6.675000000000000000e+01,nan
6.683333333333332860e+01,nan
6.691666666666665719e+01,nan
6.700000000000000000e+01,nan
6.708333333333332860e+01,nan
6.716666666666665719e+01,nan
6.725000000000000000e+01,nan
6.733333333333332860e+01,nan
6.741666666666665719e+01,nan
6.750000000000000000e+01,nan
6.758333333333332860e+01,nan
6.766666666666665719e+01,nan
6.775000000000000000e+01,nan
6.783333333333332860e+01,nan
6.791666666666665719e+01,nan
6.800000000000000000e+01,nan
6.808333333333332860e+01,nan
6.816666666666665719e+01,nan
6.825000000000000000e+01,nan
6.833333333333332860e+01,nan
6.841666666666665719e+01,nan
6.850000000000000000e+01,nan
6.858333333333332860e+01,nan
6.866666666666665719e+01,nan
6.875000000000000000e+01,nan
6.883333333333332860e+01,nan
6.891666666666665719e+01,nan
6.900000000000000000e+01,nan
6.908333333333332860e+01,nan
6.916666666666665719e+01,nan
6.925000000000000000e+01,nan
6.933333333333332860e+01,nan
6.941666666666665719e+01,nan
6.950000000000000000e+01,nan
6.958333333333332860e+01,nan
6.966666666666665719e+01,nan
6.975000000000000000e+01,nan
6.983333333333332860e+01,nan
6.991666666666665719e+01,nan
7.000000000000000000e+01,nan
7.008333333333332860e+01,nan
7.016666666666665719e+01,nan
7.025000000000000000e+01,nan
7.033333333333332860e+01,nan
7.041666666666665719e+01,nan
7.050000000000000000e+01,nan
7.058333333333332860e+01,nan
7.066666666666665719e+01,nan
7.075000000000000000e+01,nan
7.083333333333332860e+01,nan
7.091666666666665719e+01,nan
7.100000000000000000e+01,nan
7.108333333333332860e+01,nan
7.116666666666665719e+01,nan
7.125000000000000000e+01,nan
7.133333333333332860e+01,nan
7.141666666666665719e+01,nan
7.150000000000000000e+01,nan
7.158333333333332860e+01,nan
7.166666666666665719e+01,nan
7.175000000000000000e+01,nan
7.183333333333332860e+01,nan
7.191666666666665719e+01,nan
7.200000000000000000e+01,nan
7.208333333333332860e+01,nan
7.216666666666665719e+01,nan
7.225000000000000000e+01,nan
7.233333333333332860e+01,nan
7.241666666666665719e+01,nan
7.250000000000000000e+01,nan
7.258333333333332860e+01,nan
7.266666666666665719e+01,nan
7.275000000000000000e+01,nan
7.283333333333332860e+01,nan
7.291666666666665719e+01,nan
7.300000000000000000e+01,nan
7.308333333333332860e+01,nan
7.316666666666665719e+01,nan
7.325000000000000000e+01,nan
7.333333333333332860e+01,nan
7.341666666666665719e+01,nan
7.350000000000000000e+01,nan
7.358333333333332860e+01,nan
7.366666666666665719e+01,nan
7.375000000000000000e+01,nan
7.383333333333332860e+01,nan
7.391666666666665719e+01,nan
7.400000000000000000e+01,nan
7.408333333333332860e+01,nan
7.416666666666665719e+01,nan
7.425000000000000000e+01,nan
7.433333333333332860e+01,nan
7.441666666666665719e+01,nan
7.450000000000000000e+01,nan
7.458333333333332860e+01,nan
7.466666666666665719e+01,nan
7.475000000000000000e+01,nan
7.483333333333332860e+01,nan
7.491666666666665719e+01,nan
7.500000000000000000e+01,nan
7.508333333333332860e+01,nan
7.516666666666665719e+01,nan
7.525000000000000000e+01,nan
7.533333333333332860e+01,nan
7.541666666666665719e+01,nan
7.550000000000000000e+01,nan
7.558333333333332860e+01,nan
7.566666666666665719e+01,nan
7.575000000000000000e+01,nan
7.583333333333332860e+01,nan
7.591666666666665719e+01,nan
7.600000000000000000e+01,nan
7.608333333333332860e+01,nan
7.616666666666665719e+01,nan
7.625000000000000000e+01,nan
7.633333333333332860e+01,nan
7.641666666666665719e+01,nan
7.650000000000000000e+01,nan
7.658333333333332860e+01,nan
7.666666666666665719e+01,nan
7.675000000000000000e+01,nan
7.683333333333332860e+01,nan
7.691666666666665719e+01,nan
7.700000000000000000e+01,nan
7.708333333333332860e+01,nan
7.716666666666665719e+01,nan
7.725000000000000000e+01,nan
7.733333333333332860e+01,nan
7.741666666666665719e+01,nan
7.750000000000000000e+01,nan
7.758333333333332860e+01,nan
7.766666666666665719e+01,nan
7.775000000000000000e+01,nan
7.783333333333332860e+01,nan
7.791666666666665719e+01,nan
7.800000000000000000e+01,nan
7.808333333333332860e+01,nan
7.816666666666665719e+01,nan
7.825000000000000000e+01,nan
7.833333333333332860e+01,nan
7.841666666666665719e+01,nan
7.850000000000000000e+01,nan
7.858333333333332860e+01,nan
7.866666666666665719e+01,nan
7.875000000000000000e+01,nan
7.883333333333332860e+01,nan
7.891666666666665719e+01,nan
7.900000000000000000e+01,nan
7.908333333333332860e+01,nan
7.916666666666665719e+01,nan
7.925000000000000000e+01,nan
7.933333333333332860e+01,nan
7.941666666666665719e+01,nan
7.950000000000000000e+01,nan
7.958333333333332860e+01,nan
7.966666666666665719e+01,nan
7.975000000000000000e+01,nan
7.983333333333332860e+01,nan
7.991666666666665719e+01,nan
8.000000000000000000e+01,nan
8.008333333333332860e+01,nan
8.016666666666665719e+01,nan
8.025000000000000000e+01,nan
8.033333333333332860e+01,nan
8.041666666666665719e+01,nan
8.050000000000000000e+01,nan
8.058333333333332860e+01,nan
8.066666666666665719e+01,nan
8.075000000000000000e+01,nan
8.083333333333332860e+01,nan
8.091666666666665719e+01,nan
8.100000000000000000e+01,nan
8.108333333333332860e+01,nan
8.116666666666665719e+01,nan
8.125000000000000000e+01,nan
8.133333333333332860e+01,nan
8.141666666666665719e+01,nan
8.150000000000000000e+01,nan
8.158333333333332860e+01,nan
8.166666666666665719e+01,nan
8.175000000000000000e+01,nan
8.183333333333332860e+01,nan
8.191666666666665719e+01,nan
8.200000000000000000e+01,nan
8.208333333333332860e+01,nan
8.216666666666665719e+01,nan
8.225000000000000000e+01,nan
8.233333333333332860e+01,nan
8.241666666666665719e+01,nan
8.250000000000000000e+01,nan
8.258333333333332860e+01,nan
8.266666666666665719e+01,nan
8.275000000000000000e+01,nan
8.283333333333332860e+01,nan
8.291666666666665719e+01,nan
8.300000000000000000e+01,nan
8.308333333333332860e+01,nan
8.316666666666665719e+01,nan
8.325000000000000000e+01,nan
8.333333333333332860e+01,nan
8.341666666666665719e+01,nan
8.350000000000000000e+01,nan
8.358333333333332860e+01,nan
8.366666666666665719e+01,nan
8.375000000000000000e+01,nan
8.383333333333332860e+01,nan
8.391666666666665719e+01,nan
8.400000000000000000e+01,nan
8.408333333333332860e+01,nan
8.416666666666665719e+01,nan
8.425000000000000000e+01,nan
8.433333333333332860e+01,nan
8.441666666666665719e+01,nan
8.450000000000000000e+01,nan
8.458333333333332860e+01,nan
8.466666666666665719e+01,nan
8.475000000000000000e+01,nan
8.483333333333332860e+01,nan
8.491666666666665719e+01,nan
8.500000000000000000e+01,nan
8.508333333333332860e+01,nan
8.516666666666665719e+01,nan
8.525000000000000000e+01,nan
8.533333333333332860e+01,nan
8.541666666666665719e+01,nan
8.550000000000000000e+01,nan
8.558333333333332860e+01,nan
8.566666666666665719e+01,nan
8.575000000000000000e+01,nan
8.583333333333332860e+01,nan
8.591666666666665719e+01,nan
8.600000000000000000e+01,nan
8.608333333333332860e+01,nan
8.616666666666665719e+01,nan
8.625000000000000000e+01,nan
8.633333333333332860e+01,nan
8.641666666666665719e+01,nan
8.650000000000000000e+01,nan
8.658333333333332860e+01,nan
8.666666666666665719e+01,nan
8.675000000000000000e+01,nan
8.683333333333332860e+01,nan
8.691666666666665719e+01,nan
8.700000000000000000e+01,nan
8.708333333333332860e+01,nan
8.716666666666665719e+01,nan
8.725000000000000000e+01,nan
8.733333333333332860e+01,nan
8.741666666666665719e+01,nan
8.750000000000000000e+01,nan
8.758333333333332860e+01,nan
8.766666666666665719e+01,nan
8.775000000000000000e+01,nan
8.783333333333332860e+01,nan
8.791666666666665719e+01,nan
8.800000000000000000e+01,nan
8.808333333333332860e+01,nan
8.816666666666665719e+01,nan
8.825000000000000000e+01,nan
8.833333333333332860e+01,nan
8.841666666666665719e+01,nan
8.850000000000000000e+01,nan
8.858333333333332860e+01,nan
8.866666666666665719e+01,nan
8.875000000000000000e+01,nan
8.883333333333332860e+01,nan
8.891666666666665719e+01,nan
8.900000000000000000e+01,nan
8.908333333333332860e+01,nan
8.916666666666665719e+01,nan
8.925000000000000000e+01,nan
8.933333333333332860e+01,nan
8.941666666666665719e+01,nan
8.950000000000000000e+01,nan
8.958333333333332860e+01,nan
8.966666666666665719e+01,nan
8.975000000000000000e+01,nan
8.983333333333332860e+01,nan
8.991666666666665719e+01,nan
9.000000000000000000e+01,nan
9.008333333333332860e+01,nan
9.016666666666665719e+01,nan
9.025000000000000000e+01,nan
9.033333333333332860e+01,nan
9.041666666666665719e+01,nan
9.050000000000000000e+01,nan
9.058333333333332860e+01,nan
9.066666666666665719e+01,nan
9.075000000000000000e+01,nan
9.083333333333332860e+01,nan
9.091666666666665719e+01,nan
9.100000000000000000e+01,nan
9.108333333333332860e+01,nan
9.116666666666665719e+01,nan
9.125000000000000000e+01,nan
9.133333333333332860e+01,nan
9.141666666666665719e+01,nan
9.150000000000000000e+01,nan
9.158333333333332860e+01,nan
9.166666666666665719e+01,nan
9.175000000000000000e+01,nan
9.183333333333332860e+01,nan
9.191666666666665719e+01,nan
9.200000000000000000e+01,nan
9.208333333333332860e+01,nan
9.216666666666665719e+01,nan
9.225000000000000000e+01,nan
9.233333333333332860e+01,nan
9.241666666666665719e+01,nan
9.250000000000000000e+01,nan
9.258333333333332860e+01,nan
9.266666666666665719e+01,nan
9.275000000000000000e+01,nan
9.283333333333332860e+01,nan
9.291666666666665719e+01,nan
9.300000000000000000e+01,nan
9.308333333333332860e+01,nan
9.316666666666665719e+01,nan
9.325000000000000000e+01,nan
9.333333333333332860e+01,nan
9.341666666666665719e+01,nan
9.350000000000000000e+01,nan
9.358333333333332860e+01,nan
9.366666666666665719e+01,nan
9.375000000000000000e+01,nan
9.383333333333332860e+01,nan
9.391666666666665719e+01,nan
9.400000000000000000e+01,nan
9.408333333333332860e+01,nan
9.416666666666665719e+01,nan
9.425000000000000000e+01,nan
9.433333333333332860e+01,nan
9.441666666666665719e+01,nan
9.450000000000000000e+01,nan
9.458333333333332860e+01,nan
9.466666666666665719e+01,nan
9.475000000000000000e+01,nan
9.483333333333332860e+01,nan
9.491666666666665719e+01,nan
9.500000000000000000e+01,nan
9.508333333333332860e+01,nan
9.516666666666665719e+01,nan
9.525000000000000000e+01,nan
9.533333333333332860e+01,nan
9.541666666666665719e+01,nan
9.550000000000000000e+01,nan
9.558333333333332860e+01,nan
9.566666666666665719e+01,nan
9.575000000000000000e+01,nan
9.583333333333332860e+01,nan
9.591666666666665719e+01,nan
9.600000000000000000e+01,nan
9.608333333333332860e+01,nan
9.616666666666665719e+01,nan
9.625000000000000000e+01,nan
9.633333333333332860e+01,nan
9.641666666666665719e+01,nan
9.650000000000000000e+01,nan
9.658333333333332860e+01,nan
9.666666666666665719e+01,nan
9.675000000000000000e+01,nan
9.683333333333332860e+01,nan
9.691666666666665719e+01,nan
9.700000000000000000e+01,nan
9.708333333333332860e+01,nan
9.716666666666665719e+01,nan
9.725000000000000000e+01,nan
9.733333333333332860e+01,nan
9.741666666666665719e+01,nan
9.750000000000000000e+01,nan
9.758333333333332860e+01,nan
9.766666666666665719e+01,nan
9.775000000000000000e+01,nan
9.783333333333332860e+01,nan
9.791666666666665719e+01,nan
9.800000000000000000e+01,nan
9.808333333333332860e+01,nan
9.816666666666665719e+01,nan
9.825000000000000000e+01,nan
9.833333333333332860e+01,nan
9.841666666666665719e+01,nan
9.850000000000000000e+01,nan
9.858333333333332860e+01,nan
9.866666666666665719e+01,nan
9.875000000000000000e+01,nan
9.883333333333332860e+01,nan
9.891666666666665719e+01,nan
9.900000000000000000e+01,nan
9.908333333333332860e+01,nan
9.916666666666665719e+01,nan
9.925000000000000000e+01,nan
9.933333333333332860e+01,nan
9.941666666666665719e+01,nan
9.950000000000000000e+01,nan
9.958333333333332860e+01,nan
9.966666666666665719e+01,nan
9.975000000000000000e+01,nan
9.983333333333332860e+01,nan
9.991666666666665719e+01,nan
1.000000000000000000e+02,nan
1.000833333333333286e+02,nan
1.001666666666666572e+02,nan
1.002500000000000000e+02,nan
1.003333333333333286e+02,nan
1.004166666666666572e+02,nan
1.005000000000000000e+02,nan
1.005833333333333286e+02,nan
1.006666666666666572e+02,nan
1.007500000000000000e+02,nan
1.008333333333333286e+02,nan
1.009166666666666572e+02,nan
1.010000000000000000e+02,nan
1.010833333333333286e+02,nan
1.011666666666666572e+02,nan
1.012500000000000000e+02,nan
1.013333333333333286e+02,nan
1.014166666666666572e+02,nan
1.015000000000000000e+02,nan
1.015833333333333286e+02,nan
1.016666666666666572e+02,nan
1.017500000000000000e+02,nan
1.018333333333333286e+02,nan
1.019166666666666572e+02,nan
1.020000000000000000e+02,nan
1.020833333333333286e+02,nan
1.021666666666666572e+02,nan
1.022500000000000000e+02,nan
1.023333333333333286e+02,nan
1.024166666666666572e+02,nan
1.025000000000000000e+02,nan
1.025833333333333286e+02,nan
1.026666666666666572e+02,nan
1.027500000000000000e+02,nan
1.028333333333333286e+02,nan
1.029166666666666572e+02,nan
1.030000000000000000e+02,nan
1.030833333333333286e+02,nan
1.031666666666666572e+02,nan
1.032500000000000000e+02,nan
1.033333333333333286e+02,nan
1.034166666666666572e+02,nan
1.035000000000000000e+02,nan
1.035833333333333286e+02,nan
1.036666666666666572e+02,nan
1.037500000000000000e+02,nan
1.038333333333333286e+02,nan
1.039166666666666572e+02,nan
1.040000000000000000e+02,nan
1.040833333333333286e+02,nan
1.041666666666666572e+02,nan
1.042500000000000000e+02,nan
1.043333333333333286e+02,nan
1.044166666666666572e+02,nan
1.045000000000000000e+02,nan
1.045833333333333286e+02,nan
1.046666666666666572e+02,nan
1.047500000000000000e+02,nan
1.048333333333333286e+02,nan
1.049166666666666572e+02,nan
1.050000000000000000e+02,nan
1.050833333333333286e+02,nan
1.051666666666666572e+02,nan
1.052500000000000000e+02,nan
1.053333333333333286e+02,nan
1.054166666666666572e+02,nan
1.055000000000000000e+02,nan
1.055833333333333286e+02,nan
1.056666666666666572e+02,nan
1.057500000000000000e+02,nan
1.058333333333333286e+02,nan
1.059166666666666572e+02,nan
1.060000000000000000e+02,nan
1.060833333333333286e+02,nan
1.061666666666666572e+02,nan
1.062500000000000000e+02,nan
1.063333333333333286e+02,nan
1.064166666666666572e+02,nan
1.065000000000000000e+02,nan
1.065833333333333286e+02,nan
1.066666666666666572e+02,nan
1.067500000000000000e+02,nan
1.068333333333333286e+02,nan
1.069166666666666572e+02,nan
1.070000000000000000e+02,nan
1.070833333333333286e+02,nan
1.071666666666666572e+02,nan
1.072500000000000000e+02,nan
1.073333333333333286e+02,nan
1.074166666666666572e+02,nan
1.075000000000000000e+02,nan
1.075833333333333286e+02,nan
1.076666666666666572e+02,nan
1.077500000000000000e+02,nan
1.078333333333333286e+02,nan
1.079166666666666572e+02,nan
1.080000000000000000e+02,nan
1.080833333333333286e+02,nan
1.081666666666666572e+02,nan
1.082500000000000000e+02,nan
1.083333333333333286e+02,nan
1.084166666666666572e+02,nan
1.085000000000000000e+02,nan
1.085833333333333286e+02,nan
1.086666666666666572e+02,nan
1.087500000000000000e+02,nan
1.088333333333333286e+02,nan
1.089166666666666572e+02,nan
1.090000000000000000e+02,nan
1.090833333333333286e+02,nan
1.091666666666666572e+02,nan
1.092500000000000000e+02,nan
1.093333333333333286e+02,nan
1.094166666666666572e+02,nan
1.095000000000000000e+02,nan
1.095833333333333286e+02,nan
1.096666666666666572e+02,nan
1.097500000000000000e+02,nan
1.098333333333333286e+02,nan
1.099166666666666572e+02,nan
1.100000000000000000e+02,nan
1.100833333333333286e+02,nan
1.101666666666666572e+02,nan
1.102500000000000000e+02,nan
1.103333333333333286e+02,nan
1.104166666666666572e+02,nan
1.105000000000000000e+02,nan
1.105833333333333286e+02,nan
1.106666666666666572e+02,nan
1.107500000000000000e+02,nan
1.108333333333333286e+02,nan
1.109166666666666572e+02,nan
1.110000000000000000e+02,nan
1.110833333333333286e+02,nan
1.111666666666666572e+02,nan
1.112500000000000000e+02,nan
1.113333333333333286e+02,nan
1.114166666666666572e+02,nan
1.115000000000000000e+02,nan
1.115833333333333286e+02,nan
1.116666666666666572e+02,nan
1.117500000000000000e+02,nan
1.118333333333333286e+02,nan
1.119166666666666572e+02,nan
1.120000000000000000e+02,nan
1.120833333333333286e+02,nan
1.121666666666666572e+02,nan
1.122500000000000000e+02,nan
1.123333333333333286e+02,nan
1.124166666666666572e+02,nan
1.125000000000000000e+02,nan
1.125833333333333286e+02,nan
1.126666666666666572e+02,nan
1.127500000000000000e+02,nan
1.128333333333333286e+02,nan
1.129166666666666572e+02,nan
1.130000000000000000e+02,nan
1.130833333333333286e+02,nan
1.131666666666666572e+02,nan
1.132500000000000000e+02,nan
1.133333333333333286e+02,nan
1.134166666666666572e+02,nan
1.135000000000000000e+02,nan
1.135833333333333286e+02,nan
1.136666666666666572e+02,nan
1.137500000000000000e+02,nan
1.138333333333333286e+02,nan
1.139166666666666572e+02,nan
1.140000000000000000e+02,nan
1.140833333333333286e+02,nan
1.141666666666666572e+02,nan
1.142500000000000000e+02,nan
1.143333333333333286e+02,nan
1.144166666666666572e+02,nan
1.145000000000000000e+02,nan
1.145833333333333286e+02,nan
1.146666666666666572e+02,nan
1.147500000000000000e+02,nan
1.148333333333333286e+02,nan
1.149166666666666572e+02,nan
1.150000000000000000e+02,nan
1.150833333333333286e+02,nan
1.151666666666666572e+02,nan
1.152500000000000000e+02,nan
1.153333333333333286e+02,nan
1.154166666666666572e+02,nan
1.155000000000000000e+02,nan
1.155833333333333286e+02,nan
1.156666666666666572e+02,nan
1.157500000000000000e+02,nan
1.158333333333333286e+02,nan
1.159166666666666572e+02,nan
1.160000000000000000e+02,nan
1.160833333333333286e+02,nan
1.161666666666666572e+02,nan
1.162500000000000000e+02,nan
1.163333333333333286e+02,nan
1.164166666666666572e+02,nan
1.165000000000000000e+02,nan
1.165833333333333286e+02,nan
1.166666666666666572e+02,nan
1.167500000000000000e+02,nan
1.168333333333333286e+02,nan
1.169166666666666572e+02,nan
1.170000000000000000e+02,nan
1.170833333333333286e+02,nan
1.171666666666666572e+02,nan
1.172500000000000000e+02,nan
1.173333333333333286e+02,nan
1.174166666666666572e+02,nan
1.175000000000000000e+02,nan
1.175833333333333286e+02,nan
1.176666666666666572e+02,nan
1.177500000000000000e+02,nan
1.178333333333333286e+02,nan
1.179166666666666572e+02,nan
1.180000000000000000e+02,nan
1.180833333333333286e+02,nan
1.181666666666666572e+02,nan
1.182500000000000000e+02,nan
1.183333333333333286e+02,nan
1.184166666666666572e+02,nan
1.185000000000000000e+02,nan
1.185833333333333286e+02,nan
1.186666666666666572e+02,nan
1.187500000000000000e+02,nan
1.188333333333333286e+02,nan
1.189166666666666572e+02,nan
1.190000000000000000e+02,nan
1.190833333333333286e+02,nan
1.191666666666666572e+02,nan
1.192500000000000000e+02,nan
1.193333333333333286e+02,nan
1.194166666666666572e+02,nan
1.195000000000000000e+02,nan
1.195833333333333286e+02,nan
1.196666666666666572e+02,nan
1.197500000000000000e+02,nan
1.198333333333333286e+02,nan
1.199166666666666572e+02,nan
1.200000000000000000e+02,nan
1.200833333333333286e+02,nan
1.201666666666666572e+02,nan
1.202500000000000000e+02,nan
1.203333333333333286e+02,nan
1.204166666666666572e+02,nan
1.205000000000000000e+02,nan
1.205833333333333286e+02,nan
1.206666666666666572e+02,nan
1.207500000000000000e+02,nan
1.208333333333333286e+02,nan
1.209166666666666572e+02,nan
1.210000000000000000e+02,nan
1.210833333333333286e+02,nan
1.211666666666666572e+02,nan
1.212500000000000000e+02,nan
1.213333333333333286e+02,nan
1.214166666666666572e+02,nan
1.215000000000000000e+02,nan
1.215833333333333286e+02,nan
1.216666666666666572e+02,nan
1.217500000000000000e+02,nan
1.218333333333333286e+02,nan
1.219166666666666572e+02,nan
1.220000000000000000e+02,nan
1.220833333333333286e+02,nan
1.221666666666666572e+02,nan
1.222500000000000000e+02,nan
1.223333333333333286e+02,nan
1.224166666666666572e+02,nan
1.225000000000000000e+02,nan
1.225833333333333286e+02,nan
1.226666666666666572e+02,nan
1.227500000000000000e+02,nan
1.228333333333333286e+02,nan
1.229166666666666572e+02,nan
1.230000000000000000e+02,nan
1.230833333333333286e+02,nan
1.231666666666666572e+02,nan
1.232500000000000000e+02,nan
1.233333333333333286e+02,nan
1.234166666666666572e+02,nan
1.235000000000000000e+02,nan
1.235833333333333286e+02,nan
1.236666666666666572e+02,nan
1.237500000000000000e+02,nan
1.238333333333333286e+02,nan
1.239166666666666572e+02,nan
1.240000000000000000e+02,nan
1.240833333333333286e+02,nan
1.241666666666666572e+02,nan
1.242500000000000000e+02,nan
1.243333333333333286e+02,nan
1.244166666666666572e+02,nan
1.245000000000000000e+02,nan
1.245833333333333286e+02,nan
1.246666666666666572e+02,nan
1.247500000000000000e+02,nan
1.248333333333333286e+02,nan
1.249166666666666572e+02,nan
1.250000000000000000e+02,nan
1.250833333333333286e+02,nan
1.251666666666666572e+02,nan
1.252500000000000000e+02,nan
1.253333333333333286e+02,nan
1.254166666666666572e+02,nan
1.255000000000000000e+02,nan
1.255833333333333286e+02,nan
1.256666666666666572e+02,nan
1.257500000000000000e+02,nan
1.258333333333333286e+02,nan
1.259166666666666572e+02,nan
1.260000000000000000e+02,nan
1.260833333333333286e+02,nan
1.261666666666666572e+02,nan
1.262500000000000000e+02,nan
1.263333333333333286e+02,nan
1.264166666666666572e+02,nan
1.265000000000000000e+02,nan
1.265833333333333286e+02,nan
1.266666666666666572e+02,nan
1.267500000000000000e+02,nan
1.268333333333333286e+02,nan
1.269166666666666572e+02,nan
1.270000000000000000e+02,nan
1.270833333333333286e+02,nan
1.271666666666666572e+02,nan
1.272500000000000000e+02,nan
1.273333333333333286e+02,nan
1.274166666666666572e+02,nan
1.275000000000000000e+02,nan
1.275833333333333286e+02,nan
1.276666666666666572e+02,nan
1.277500000000000000e+02,nan
1.278333333333333286e+02,nan
1.279166666666666572e+02,nan
1.280000000000000000e+02,nan
1.280833333333333144e+02,nan
1.281666666666666572e+02,nan
1.282500000000000000e+02,nan
1.283333333333333144e+02,nan
1.284166666666666572e+02,nan
1.285000000000000000e+02,nan
1.285833333333333144e+02,nan
1.286666666666666572e+02,nan
1.287500000000000000e+02,nan
1.288333333333333144e+02,nan
1.289166666666666572e+02,nan
1.290000000000000000e+02,nan
1.290833333333333144e+02,nan
1.291666666666666572e+02,nan
1.292500000000000000e+02,nan
1.293333333333333144e+02,nan
1.294166666666666572e+02,nan
1.295000000000000000e+02,nan
1.295833333333333144e+02,nan
1.296666666666666572e+02,nan
1.297500000000000000e+02,nan
1.298333333333333144e+02,nan
1.299166666666666572e+02,nan
1.300000000000000000e+02,nan
1.300833333333333144e+02,nan
1.301666666666666572e+02,nan
1.302500000000000000e+02,nan
1.303333333333333144e+02,nan
1.304166666666666572e+02,nan
1.305000000000000000e+02,nan
1.305833333333333144e+02,nan
1.306666666666666572e+02,nan
1.307500000000000000e+02,nan
1.308333333333333144e+02,nan
1.309166666666666572e+02,nan
1.310000000000000000e+02,nan
1.310833333333333144e+02,nan
1.311666666666666572e+02,nan
1.312500000000000000e+02,nan
1.313333333333333144e+02,nan
1.314166666666666572e+02,nan
1.315000000000000000e+02,nan
1.315833333333333144e+02,nan
1.316666666666666572e+02,nan
1.317500000000000000e+02,nan
1.318333333333333144e+02,nan
1.319166666666666572e+02,nan
1.320000000000000000e+02,nan
1.320833333333333144e+02,nan
1.321666666666666572e+02,nan
1.322500000000000000e+02,nan
1.323333333333333144e+02,nan
1.324166666666666572e+02,nan
1.325000000000000000e+02,nan
1.325833333333333144e+02,nan
1.326666666666666572e+02,nan
1.327500000000000000e+02,nan
1.328333333333333144e+02,nan
1.329166666666666572e+02,nan
1.330000000000000000e+02,nan
1.330833333333333144e+02,nan
1.331666666666666572e+02,nan
1.332500000000000000e+02,nan
1.333333333333333144e+02,nan
1.334166666666666572e+02,nan
1.335000000000000000e+02,nan
1.335833333333333144e+02,nan
1.336666666666666572e+02,nan
1.337500000000000000e+02,nan
1.338333333333333144e+02,nan
1.339166666666666572e+02,nan
1.340000000000000000e+02,nan
1.340833333333333144e+02,nan
1.341666666666666572e+02,nan
1.342500000000000000e+02,nan
1.343333333333333144e+02,nan
1.344166666666666572e+02,nan
1.345000000000000000e+02,nan
1.345833333333333144e+02,nan
1.346666666666666572e+02,nan
1.347500000000000000e+02,nan
1.348333333333333144e+02,nan
1.349166666666666572e+02,nan
1.350000000000000000e+02,nan
1.350833333333333144e+02,nan
1.351666666666666572e+02,nan
1.352500000000000000e+02,nan
1.353333333333333144e+02,nan
1.354166666666666572e+02,nan
1.355000000000000000e+02,nan
1.355833333333333144e+02,nan
1.356666666666666572e+02,nan
1.357500000000000000e+02,nan
1.358333333333333144e+02,nan
1.359166666666666572e+02,nan
1.360000000000000000e+02,nan
1.360833333333333144e+02,nan
1.361666666666666572e+02,nan
1.362500000000000000e+02,nan
1.363333333333333144e+02,nan
1.364166666666666572e+02,nan
1.365000000000000000e+02,nan
1.365833333333333144e+02,nan
1.366666666666666572e+02,nan
1.367500000000000000e+02,nan
1.368333333333333144e+02,nan
1.369166666666666572e+02,nan
1.370000000000000000e+02,nan
1.370833333333333144e+02,nan
1.371666666666666572e+02,nan
1.372500000000000000e+02,nan
1.373333333333333144e+02,nan
1.374166666666666572e+02,nan
1.375000000000000000e+02,nan
1.375833333333333144e+02,nan
1.376666666666666572e+02,nan
1.377500000000000000e+02,nan
1.378333333333333144e+02,nan
1.379166666666666572e+02,nan
1.380000000000000000e+02,nan
1.380833333333333144e+02,nan
1.381666666666666572e+02,nan
1.382500000000000000e+02,nan
1.383333333333333144e+02,nan
1.384166666666666572e+02,nan
1.385000000000000000e+02,nan
1.385833333333333144e+02,nan
1.386666666666666572e+02,nan
1.387500000000000000e+02,nan
1.388333333333333144e+02,nan
1.389166666666666572e+02,nan
1.390000000000000000e+02,nan
1.390833333333333144e+02,nan
1.391666666666666572e+02,nan
1.392500000000000000e+02,nan
1.393333333333333144e+02,nan
1.394166666666666572e+02,nan
1.395000000000000000e+02,nan
1.395833333333333144e+02,nan
1.396666666666666572e+02,nan
1.397500000000000000e+02,nan
1.398333333333333144e+02,nan
1.399166666666666572e+02,nan
1.400000000000000000e+02,nan
1.400833333333333144e+02,nan
1.401666666666666572e+02,nan
1.402500000000000000e+02,nan
1.403333333333333144e+02,nan
1.404166666666666572e+02,nan
1.405000000000000000e+02,nan
1.405833333333333144e+02,nan
1.406666666666666572e+02,nan
1.407500000000000000e+02,nan
1.408333333333333144e+02,nan
1.409166666666666572e+02,nan
1.410000000000000000e+02,nan
1.410833333333333144e+02,nan
1.411666666666666572e+02,nan
1.412500000000000000e+02,nan
1.413333333333333144e+02,nan
1.414166666666666572e+02,nan
1.415000000000000000e+02,nan
1.415833333333333144e+02,nan
1.416666666666666572e+02,nan
1.417500000000000000e+02,nan
1.418333333333333144e+02,nan
1.419166666666666572e+02,nan
1.420000000000000000e+02,nan
1.420833333333333144e+02,nan
1.421666666666666572e+02,nan
1.422500000000000000e+02,nan
1.423333333333333144e+02,nan
1.424166666666666572e+02,nan
1.425000000000000000e+02,nan
1.425833333333333144e+02,nan
1.426666666666666572e+02,nan
1.427500000000000000e+02,nan
1.428333333333333144e+02,nan
1.429166666666666572e+02,nan
1.430000000000000000e+02,nan
1.430833333333333144e+02,nan
1.431666666666666572e+02,nan
1.432500000000000000e+02,nan
1.433333333333333144e+02,nan
1.434166666666666572e+02,nan
1.435000000000000000e+02,nan
1.435833333333333144e+02,nan
1.436666666666666572e+02,nan
1.437500000000000000e+02,nan
1.438333333333333144e+02,nan
1.439166666666666572e+02,nan
1.440000000000000000e+02,nan
1.440833333333333144e+02,nan
1.441666666666666572e+02,nan
1.442500000000000000e+02,nan
1.443333333333333144e+02,nan
1.444166666666666572e+02,nan
1.445000000000000000e+02,nan
1.445833333333333144e+02,nan
1.446666666666666572e+02,nan
1.447500000000000000e+02,nan
1.448333333333333144e+02,nan
1.449166666666666572e+02,nan
1.450000000000000000e+02,nan
1.450833333333333144e+02,nan
1.451666666666666572e+02,nan
1.452500000000000000e+02,nan
1.453333333333333144e+02,nan
1.454166666666666572e+02,nan
1.455000000000000000e+02,nan
1.455833333333333144e+02,nan
1.456666666666666572e+02,nan
1.457500000000000000e+02,nan
1.458333333333333144e+02,nan
1.459166666666666572e+02,nan
1.460000000000000000e+02,nan
1.460833333333333144e+02,nan
1.461666666666666572e+02,nan
1.462500000000000000e+02,nan
1.463333333333333144e+02,nan
1.464166666666666572e+02,nan
1.465000000000000000e+02,nan
1.465833333333333144e+02,nan
1.466666666666666572e+02,nan
1.467500000000000000e+02,nan
1.468333333333333144e+02,nan
1.469166666666666572e+02,nan
1.470000000000000000e+02,nan
1.470833333333333144e+02,nan
1.471666666666666572e+02,nan
1.472500000000000000e+02,nan
1.473333333333333144e+02,nan
1.474166666666666572e+02,nan
1.475000000000000000e+02,nan
1.475833333333333144e+02,nan
1.476666666666666572e+02,nan
1.477500000000000000e+02,nan
1.478333333333333144e+02,nan
1.479166666666666572e+02,nan
1.480000000000000000e+02,nan
1.480833333333333144e+02,nan
1.481666666666666572e+02,nan
1.482500000000000000e+02,nan
1.483333333333333144e+02,nan
1.484166666666666572e+02,nan
1.485000000000000000e+02,nan
1.485833333333333144e+02,nan
1.486666666666666572e+02,nan
1.487500000000000000e+02,nan
1.488333333333333144e+02,nan
1.489166666666666572e+02,nan
1.490000000000000000e+02,nan
1.490833333333333144e+02,nan
1.491666666666666572e+02,nan
1.492500000000000000e+02,nan
1.493333333333333144e+02,nan
1.494166666666666572e+02,nan
1.495000000000000000e+02,nan
1.495833333333333144e+02,nan
1.496666666666666572e+02,nan
1.497500000000000000e+02,nan
1.498333333333333144e+02,nan
1.499166666666666572e+02,nan
1.500000000000000000e+02,nan
1.500833333333333144e+02,nan
1.501666666666666572e+02,nan
1.502500000000000000e+02,nan
1.503333333333333144e+02,nan
1.504166666666666572e+02,nan
1.505000000000000000e+02,nan
1.505833333333333144e+02,nan
1.506666666666666572e+02,nan
1.507500000000000000e+02,nan
1.508333333333333144e+02,nan
1.509166666666666572e+02,nan
1.510000000000000000e+02,nan
1.510833333333333144e+02,nan
1.511666666666666572e+02,nan
1.512500000000000000e+02,nan
1.513333333333333144e+02,nan
1.514166666666666572e+02,nan
1.515000000000000000e+02,nan
1.515833333333333144e+02,nan
1.516666666666666572e+02,nan
1.517500000000000000e+02,nan
1.518333333333333144e+02,nan
1.519166666666666572e+02,nan
1.520000000000000000e+02,nan
1.520833333333333144e+02,nan
1.521666666666666572e+02,nan
1.522500000000000000e+02,nan
1.523333333333333144e+02,nan
1.524166666666666572e+02,nan
1.525000000000000000e+02,nan
1.525833333333333144e+02,nan
1.526666666666666572e+02,nan
1.527500000000000000e+02,nan
1.528333333333333144e+02,nan
1.529166666666666572e+02,nan
1.530000000000000000e+02,nan
1.530833333333333144e+02,nan
1.531666666666666572e+02,nan
1.532500000000000000e+02,nan
1.533333333333333144e+02,nan
1.534166666666666572e+02,nan
1.535000000000000000e+02,nan
1.535833333333333144e+02,nan
1.536666666666666572e+02,nan
1.537500000000000000e+02,nan
1.538333333333333144e+02,nan
1.539166666666666572e+02,nan
1.540000000000000000e+02,nan
1.540833333333333144e+02,nan
1.541666666666666572e+02,nan
1.542500000000000000e+02,nan
1.543333333333333144e+02,nan
1.544166666666666572e+02,nan
1.545000000000000000e+02,nan
1.545833333333333144e+02,nan
1.546666666666666572e+02,nan
1.547500000000000000e+02,nan
1.548333333333333144e+02,nan
1.549166666666666572e+02,nan
1.550000000000000000e+02,nan
1.550833333333333144e+02,nan
1.551666666666666572e+02,nan
1.552500000000000000e+02,nan
1.553333333333333144e+02,nan
1.554166666666666572e+02,nan
1.555000000000000000e+02,nan
1.555833333333333144e+02,nan
1.556666666666666572e+02,nan
1.557500000000000000e+02,nan
1.558333333333333144e+02,nan
1.559166666666666572e+02,nan
1.560000000000000000e+02,nan
1.560833333333333144e+02,nan
1.561666666666666572e+02,nan
1.562500000000000000e+02,nan
1.563333333333333144e+02,nan
1.564166666666666572e+02,nan
1.565000000000000000e+02,nan
1.565833333333333144e+02,nan
1.566666666666666572e+02,nan
1.567500000000000000e+02,nan
1.568333333333333144e+02,nan
1.569166666666666572e+02,nan
1.570000000000000000e+02,nan
1.570833333333333144e+02,nan
1.571666666666666572e+02,nan
1.572500000000000000e+02,nan
1.573333333333333144e+02,nan
1.574166666666666572e+02,nan
1.575000000000000000e+02,nan
1.575833333333333144e+02,nan
1.576666666666666572e+02,nan
1.577500000000000000e+02,nan
1.578333333333333144e+02,nan
1.579166666666666572e+02,nan
1.580000000000000000e+02,nan
1.580833333333333144e+02,nan
1.581666666666666572e+02,nan
1.582500000000000000e+02,nan
1.583333333333333144e+02,nan
1.584166666666666572e+02,nan
1.585000000000000000e+02,nan
1.585833333333333144e+02,nan
1.586666666666666572e+02,nan
1.587500000000000000e+02,nan
1.588333333333333144e+02,nan
1.589166666666666572e+02,nan
1.590000000000000000e+02,nan
1.590833333333333144e+02,nan
1.591666666666666572e+02,nan
1.592500000000000000e+02,nan
1.593333333333333144e+02,nan
1.594166666666666572e+02,nan
1.595000000000000000e+02,nan
1.595833333333333144e+02,nan
1.596666666666666572e+02,nan
1.597500000000000000e+02,nan
1.598333333333333144e+02,nan
1.599166666666666572e+02,nan
1.600000000000000000e+02,nan
1.600833333333333144e+02,nan
1.601666666666666572e+02,nan
1.602500000000000000e+02,nan
1.603333333333333144e+02,nan
1.604166666666666572e+02,nan
1.605000000000000000e+02,nan
1.605833333333333144e+02,nan
1.606666666666666572e+02,nan
1.607500000000000000e+02,nan
1.608333333333333144e+02,nan
1.609166666666666572e+02,nan
1.610000000000000000e+02,nan
1.610833333333333144e+02,nan
1.611666666666666572e+02,nan
1.612500000000000000e+02,nan
1.613333333333333144e+02,nan
1.614166666666666572e+02,nan
1.615000000000000000e+02,nan
1.615833333333333144e+02,nan
1.616666666666666572e+02,nan
1.617500000000000000e+02,nan
1.618333333333333144e+02,nan
1.619166666666666572e+02,nan
1.620000000000000000e+02,nan
1.620833333333333144e+02,nan
1.621666666666666572e+02,nan
1.622500000000000000e+02,nan
1.623333333333333144e+02,nan
1.624166666666666572e+02,nan
1.625000000000000000e+02,nan
1.625833333333333144e+02,nan
1.626666666666666572e+02,nan
1.627500000000000000e+02,nan
1.628333333333333144e+02,nan
1.629166666666666572e+02,nan
1.630000000000000000e+02,nan
1.630833333333333144e+02,nan
1.631666666666666572e+02,nan
1.632500000000000000e+02,nan
1.633333333333333144e+02,nan
1.634166666666666572e+02,nan
1.635000000000000000e+02,nan
1.635833333333333144e+02,nan
1.636666666666666572e+02,nan
1.637500000000000000e+02,nan
1.638333333333333144e+02,nan
1.639166666666666572e+02,nan
1.640000000000000000e+02,nan
1.640833333333333144e+02,nan
1.641666666666666572e+02,nan
1.642500000000000000e+02,nan
1.643333333333333144e+02,nan
1.644166666666666572e+02,nan
1.645000000000000000e+02,nan
1.645833333333333144e+02,nan
1.646666666666666572e+02,nan
1.647500000000000000e+02,nan
1.648333333333333144e+02,nan
1.649166666666666572e+02,nan
1.650000000000000000e+02,nan
1.650833333333333144e+02,nan
1.651666666666666572e+02,nan
1.652500000000000000e+02,nan
1.653333333333333144e+02,nan
1.654166666666666572e+02,nan
1.655000000000000000e+02,nan
1.655833333333333144e+02,nan
1.656666666666666572e+02,nan
1.657500000000000000e+02,nan
1.658333333333333144e+02,nan
1.659166666666666572e+02,nan
1.660000000000000000e+02,nan
1.660833333333333144e+02,nan
1.661666666666666572e+02,nan
1.662500000000000000e+02,nan
1.663333333333333144e+02,nan
1.664166666666666572e+02,nan
1.665000000000000000e+02,nan
1.665833333333333144e+02,nan
1.666666666666666572e+02,nan
1.667500000000000000e+02,nan
1.668333333333333144e+02,nan
1.669166666666666572e+02,nan
1.670000000000000000e+02,nan
1.670833333333333144e+02,nan
1.671666666666666572e+02,nan
1.672500000000000000e+02,nan
1.673333333333333144e+02,nan
1.674166666666666572e+02,nan
1.675000000000000000e+02,nan
1.675833333333333144e+02,nan
1.676666666666666572e+02,nan
1.677500000000000000e+02,nan
1.678333333333333144e+02,nan
1.679166666666666572e+02,nan
1.680000000000000000e+02,nan
1.680833333333333144e+02,nan
1.681666666666666572e+02,nan
1.682500000000000000e+02,nan
1.683333333333333144e+02,nan
1.684166666666666572e+02,nan
1.685000000000000000e+02,nan
1.685833333333333144e+02,nan
1.686666666666666572e+02,nan
1.687500000000000000e+02,nan
1.688333333333333144e+02,nan
1.689166666666666572e+02,nan
1.690000000000000000e+02,nan
1.690833333333333144e+02,nan
1.691666666666666572e+02,nan
1.692500000000000000e+02,nan
1.693333333333333144e+02,nan
1.694166666666666572e+02,nan
1.695000000000000000e+02,nan
1.695833333333333144e+02,nan
1.696666666666666572e+02,nan
1.697500000000000000e+02,nan
1.698333333333333144e+02,nan
1.699166666666666572e+02,nan
1.700000000000000000e+02,nan
1.700833333333333144e+02,nan
1.701666666666666572e+02,nan
1.702500000000000000e+02,nan
1.703333333333333144e+02,nan
1.704166666666666572e+02,nan
1.705000000000000000e+02,nan
1.705833333333333144e+02,nan
1.706666666666666572e+02,nan
1.707500000000000000e+02,nan
1.708333333333333144e+02,nan
1.709166666666666572e+02,nan
1.710000000000000000e+02,nan
1.710833333333333144e+02,nan
1.711666666666666572e+02,nan
1.712500000000000000e+02,nan
1.713333333333333144e+02,nan
1.714166666666666572e+02,nan
1.715000000000000000e+02,nan
1.715833333333333144e+02,nan
1.716666666666666572e+02,nan
1.717500000000000000e+02,nan
1.718333333333333144e+02,nan
1.719166666666666572e+02,nan
1.720000000000000000e+02,nan
1.720833333333333144e+02,nan
1.721666666666666572e+02,nan
1.722500000000000000e+02,nan
1.723333333333333144e+02,nan
1.724166666666666572e+02,nan
1.725000000000000000e+02,nan
1.725833333333333144e+02,nan
1.726666666666666572e+02,nan
1.727500000000000000e+02,nan
1.728333333333333144e+02,nan
1.729166666666666572e+02,nan
1.730000000000000000e+02,nan
1.730833333333333144e+02,nan
1.731666666666666572e+02,nan
1.732500000000000000e+02,nan
1.733333333333333144e+02,nan
1.734166666666666572e+02,nan
1.735000000000000000e+02,nan
1.735833333333333144e+02,nan
1.736666666666666572e+02,nan
1.737500000000000000e+02,nan
1.738333333333333144e+02,nan
1.739166666666666572e+02,nan
1.740000000000000000e+02,nan
1.740833333333333144e+02,nan
1.741666666666666572e+02,nan
1.742500000000000000e+02,nan
1.743333333333333144e+02,nan
1.744166666666666572e+02,nan
1.745000000000000000e+02,nan
1.745833333333333144e+02,nan
1.746666666666666572e+02,nan
1.747500000000000000e+02,nan
1.748333333333333144e+02,nan
1.749166666666666572e+02,nan
1.750000000000000000e+02,nan
1.750833333333333144e+02,nan
1.751666666666666572e+02,nan
1.752500000000000000e+02,nan
1.753333333333333144e+02,nan
1.754166666666666572e+02,nan
1.755000000000000000e+02,nan
1.755833333333333144e+02,nan
1.756666666666666572e+02,nan
1.757500000000000000e+02,nan
1.758333333333333144e+02,nan
1.759166666666666572e+02,nan
1.760000000000000000e+02,nan
1.760833333333333144e+02,nan
1.761666666666666572e+02,nan
1.762500000000000000e+02,nan
1.763333333333333144e+02,nan
1.764166666666666572e+02,nan
1.765000000000000000e+02,nan
1.765833333333333144e+02,nan
1.766666666666666572e+02,nan
1.767500000000000000e+02,nan
1.768333333333333144e+02,nan
1.769166666666666572e+02,nan
1.770000000000000000e+02,nan
1.770833333333333144e+02,nan
1.771666666666666572e+02,nan
1.772500000000000000e+02,nan
1.773333333333333144e+02,nan
1.774166666666666572e+02,nan
1.775000000000000000e+02,nan
1.775833333333333144e+02,nan
1.776666666666666572e+02,nan
1.777500000000000000e+02,nan
1.778333333333333144e+02,nan
1.779166666666666572e+02,nan
1.780000000000000000e+02,nan
1.780833333333333144e+02,nan
1.781666666666666572e+02,nan
1.782500000000000000e+02,nan
1.783333333333333144e+02,nan
1.784166666666666572e+02,nan
1.785000000000000000e+02,nan
1.785833333333333144e+02,nan
1.786666666666666572e+02,nan
1.787500000000000000e+02,nan
1.788333333333333144e+02,nan
1.789166666666666572e+02,nan
1.790000000000000000e+02,nan
1.790833333333333144e+02,nan
1.791666666666666572e+02,nan
1.792500000000000000e+02,nan
1.793333333333333144e+02,nan
1.794166666666666572e+02,nan
1.795000000000000000e+02,nan
1.795833333333333144e+02,nan
1.796666666666666572e+02,nan
1.797500000000000000e+02,nan
1.798333333333333144e+02,nan
1.799166666666666572e+02,nan
1.800000000000000000e+02,nan
1.800833333333333144e+02,nan
1.801666666666666572e+02,nan
1.802500000000000000e+02,nan
1.803333333333333144e+02,nan
1.804166666666666572e+02,nan
1.805000000000000000e+02,nan
1.805833333333333144e+02,nan
1.806666666666666572e+02,nan
1.807500000000000000e+02,nan
1.808333333333333144e+02,nan
1.809166666666666572e+02,nan
1.810000000000000000e+02,nan
1.810833333333333144e+02,nan
1.811666666666666572e+02,nan
1.812500000000000000e+02,nan
1.813333333333333144e+02,nan
1.814166666666666572e+02,nan
1.815000000000000000e+02,nan
1.815833333333333144e+02,nan
1.816666666666666572e+02,nan
1.817500000000000000e+02,nan
1.818333333333333144e+02,nan
1.819166666666666572e+02,nan
1.820000000000000000e+02,nan
1.820833333333333144e+02,nan
1.821666666666666572e+02,nan
1.822500000000000000e+02,nan
1.823333333333333144e+02,nan
1.824166666666666572e+02,nan
1.825000000000000000e+02,nan
1.825833333333333144e+02,nan
1.826666666666666572e+02,nan
1.827500000000000000e+02,nan
1.828333333333333144e+02,nan
1.829166666666666572e+02,nan
1.830000000000000000e+02,nan
1.830833333333333144e+02,nan
1.831666666666666572e+02,nan
1.832500000000000000e+02,nan
1.833333333333333144e+02,nan
1.834166666666666572e+02,nan
1.835000000000000000e+02,nan
1.835833333333333144e+02,nan
1.836666666666666572e+02,nan
1.837500000000000000e+02,nan
1.838333333333333144e+02,nan
1.839166666666666572e+02,nan
1.840000000000000000e+02,nan
1.840833333333333144e+02,nan
1.841666666666666572e+02,nan
1.842500000000000000e+02,nan
1.843333333333333144e+02,nan
1.844166666666666572e+02,nan
1.845000000000000000e+02,nan
1.845833333333333144e+02,nan
1.846666666666666572e+02,nan
1.847500000000000000e+02,nan
1.848333333333333144e+02,nan
1.849166666666666572e+02,nan
1.850000000000000000e+02,nan
1.850833333333333144e+02,nan
1.851666666666666572e+02,nan
1.852500000000000000e+02,nan
1.853333333333333144e+02,nan
1.854166666666666572e+02,nan
1.855000000000000000e+02,nan
1.855833333333333144e+02,nan
1.856666666666666572e+02,nan
1.857500000000000000e+02,nan
1.858333333333333144e+02,nan
1.859166666666666572e+02,nan
1.860000000000000000e+02,nan
1.860833333333333144e+02,nan
1.861666666666666572e+02,nan
1.862500000000000000e+02,nan
1.863333333333333144e+02,nan
1.864166666666666572e+02,nan
1.865000000000000000e+02,nan
1.865833333333333144e+02,nan
1.866666666666666572e+02,nan
1.867500000000000000e+02,nan
1.868333333333333144e+02,nan
1.869166666666666572e+02,nan
1.870000000000000000e+02,nan
1.870833333333333144e+02,nan
1.871666666666666572e+02,nan
1.872500000000000000e+02,nan
1.873333333333333144e+02,nan
1.874166666666666572e+02,nan
1.875000000000000000e+02,nan
1.875833333333333144e+02,nan
1.876666666666666572e+02,nan
1.877500000000000000e+02,nan
1.878333333333333144e+02,nan
1.879166666666666572e+02,nan
1.880000000000000000e+02,nan
1.880833333333333144e+02,nan
1.881666666666666572e+02,nan
1.882500000000000000e+02,nan
1.883333333333333144e+02,nan
1.884166666666666572e+02,nan
1.885000000000000000e+02,nan
1.885833333333333144e+02,nan
1.886666666666666572e+02,nan
1.887500000000000000e+02,nan
1.888333333333333144e+02,nan
1.889166666666666572e+02,nan
1.890000000000000000e+02,nan
1.890833333333333144e+02,nan
1.891666666666666572e+02,nan
1.892500000000000000e+02,nan
1.893333333333333144e+02,nan
1.894166666666666572e+02,nan
1.895000000000000000e+02,nan
1.895833333333333144e+02,nan
1.896666666666666572e+02,nan
1.897500000000000000e+02,nan
1.898333333333333144e+02,nan
1.899166666666666572e+02,nan
1.900000000000000000e+02,nan
1.900833333333333144e+02,nan
1.901666666666666572e+02,nan
1.902500000000000000e+02,nan
1.903333333333333144e+02,nan
1.904166666666666572e+02,nan
1.905000000000000000e+02,nan
1.905833333333333144e+02,nan
1.906666666666666572e+02,nan
1.907500000000000000e+02,nan
1.908333333333333144e+02,nan
1.909166666666666572e+02,nan
1.910000000000000000e+02,nan
1.910833333333333144e+02,nan
1.911666666666666572e+02,nan
1.912500000000000000e+02,nan
1.913333333333333144e+02,nan
1.914166666666666572e+02,nan
1.915000000000000000e+02,nan
1.915833333333333144e+02,nan
1.916666666666666572e+02,nan
1.917500000000000000e+02,nan
1.918333333333333144e+02,nan
1.919166666666666572e+02,nan
1.920000000000000000e+02,nan
1.920833333333333144e+02,nan
1.921666666666666572e+02,nan
1.922500000000000000e+02,nan
1.923333333333333144e+02,nan
1.924166666666666572e+02,nan
1.925000000000000000e+02,nan
1.925833333333333144e+02,nan
1.926666666666666572e+02,nan
1.927500000000000000e+02,nan
1.928333333333333144e+02,nan
1.929166666666666572e+02,nan
1.930000000000000000e+02,nan
1.930833333333333144e+02,nan
1.931666666666666572e+02,nan
1.932500000000000000e+02,nan
1.933333333333333144e+02,nan
1.934166666666666572e+02,nan
1.935000000000000000e+02,nan
1.935833333333333144e+02,nan
1.936666666666666572e+02,nan
1.937500000000000000e+02,nan
1.938333333333333144e+02,nan
1.939166666666666572e+02,nan
1.940000000000000000e+02,nan
1.940833333333333144e+02,nan
1.941666666666666572e+02,nan
1.942500000000000000e+02,nan
1.943333333333333144e+02,nan
1.944166666666666572e+02,nan
1.945000000000000000e+02,nan
1.945833333333333144e+02,nan
1.946666666666666572e+02,nan
1.947500000000000000e+02,nan
1.948333333333333144e+02,nan
1.949166666666666572e+02,nan
1.950000000000000000e+02,nan
1.950833333333333144e+02,nan
1.951666666666666572e+02,nan
1.952500000000000000e+02,nan
1.953333333333333144e+02,nan
1.954166666666666572e+02,nan
1.955000000000000000e+02,nan
1.955833333333333144e+02,nan
1.956666666666666572e+02,nan
1.957500000000000000e+02,nan
1.958333333333333144e+02,nan
1.959166666666666572e+02,nan
1.960000000000000000e+02,nan
1.960833333333333144e+02,nan
1.961666666666666572e+02,nan
1.962500000000000000e+02,nan
1.963333333333333144e+02,nan
1.964166666666666572e+02,nan
1.965000000000000000e+02,nan
1.965833333333333144e+02,nan
1.966666666666666572e+02,nan
1.967500000000000000e+02,nan
1.968333333333333144e+02,nan
1.969166666666666572e+02,nan
1.970000000000000000e+02,nan
1.970833333333333144e+02,nan
1.971666666666666572e+02,nan
1.972500000000000000e+02,nan
1.973333333333333144e+02,nan
1.974166666666666572e+02,nan
1.975000000000000000e+02,nan
1.975833333333333144e+02,nan
1.976666666666666572e+02,nan
1.977500000000000000e+02,nan
1.978333333333333144e+02,nan
1.979166666666666572e+02,nan
1.980000000000000000e+02,nan
1.980833333333333144e+02,nan
1.981666666666666572e+02,nan
1.982500000000000000e+02,nan
1.983333333333333144e+02,nan
1.984166666666666572e+02,nan
1.985000000000000000e+02,nan
1.985833333333333144e+02,nan
1.986666666666666572e+02,nan
1.987500000000000000e+02,nan
1.988333333333333144e+02,nan
1.989166666666666572e+02,nan
1.990000000000000000e+02,nan
1.990833333333333144e+02,nan
1.991666666666666572e+02,nan
1.992500000000000000e+02,nan
1.993333333333333144e+02,nan
1.994166666666666572e+02,nan
1.995000000000000000e+02,nan
1.995833333333333144e+02,nan
1.996666666666666572e+02,nan
1.997500000000000000e+02,nan
1.998333333333333144e+02,nan
1.999166666666666572e+02,nan
2.000000000000000000e+02,nan
2.000833333333333144e+02,nan
2.001666666666666572e+02,nan
2.002500000000000000e+02,nan
2.003333333333333144e+02,nan
2.004166666666666572e+02,nan
2.005000000000000000e+02,nan
2.005833333333333144e+02,nan
2.006666666666666572e+02,nan
2.007500000000000000e+02,nan
2.008333333333333144e+02,nan
2.009166666666666572e+02,nan
2.010000000000000000e+02,nan
2.010833333333333144e+02,nan
2.011666666666666572e+02,nan
2.012500000000000000e+02,nan
2.013333333333333144e+02,nan
2.014166666666666572e+02,nan
2.015000000000000000e+02,nan
2.015833333333333144e+02,nan
2.016666666666666572e+02,nan
2.017500000000000000e+02,nan
2.018333333333333144e+02,nan
2.019166666666666572e+02,nan
2.020000000000000000e+02,nan
2.020833333333333144e+02,nan
2.021666666666666572e+02,nan
2.022500000000000000e+02,nan
2.023333333333333144e+02,nan
2.024166666666666572e+02,nan
2.025000000000000000e+02,nan
2.025833333333333144e+02,nan
2.026666666666666572e+02,nan
2.027500000000000000e+02,nan
2.028333333333333144e+02,nan
2.029166666666666572e+02,nan
2.030000000000000000e+02,nan
2.030833333333333144e+02,nan
2.031666666666666572e+02,nan
2.032500000000000000e+02,nan
2.033333333333333144e+02,nan
2.034166666666666572e+02,nan
2.035000000000000000e+02,nan
2.035833333333333144e+02,nan
2.036666666666666572e+02,nan
2.037500000000000000e+02,nan
2.038333333333333144e+02,nan
2.039166666666666572e+02,nan
2.040000000000000000e+02,nan
2.040833333333333144e+02,nan
2.041666666666666572e+02,nan
2.042500000000000000e+02,nan
2.043333333333333144e+02,nan
2.044166666666666572e+02,nan
2.045000000000000000e+02,nan
2.045833333333333144e+02,nan
2.046666666666666572e+02,nan
2.047500000000000000e+02,nan
2.048333333333333144e+02,nan
2.049166666666666572e+02,nan
2.050000000000000000e+02,nan
2.050833333333333144e+02,nan
2.051666666666666572e+02,nan
2.052500000000000000e+02,nan
2.053333333333333144e+02,nan
2.054166666666666572e+02,nan
2.055000000000000000e+02,nan
2.055833333333333144e+02,nan
2.056666666666666572e+02,nan
2.057500000000000000e+02,nan
2.058333333333333144e+02,nan
2.059166666666666572e+02,nan
2.060000000000000000e+02,nan
2.060833333333333144e+02,nan
2.061666666666666572e+02,nan
2.062500000000000000e+02,nan
2.063333333333333144e+02,nan
2.064166666666666572e+02,nan
2.065000000000000000e+02,nan
2.065833333333333144e+02,nan
2.066666666666666572e+02,nan
2.067500000000000000e+02,nan
2.068333333333333144e+02,nan
2.069166666666666572e+02,nan
2.070000000000000000e+02,nan
2.070833333333333144e+02,nan
2.071666666666666572e+02,nan
2.072500000000000000e+02,nan
2.073333333333333144e+02,nan
2.074166666666666572e+02,nan
2.075000000000000000e+02,nan
2.075833333333333144e+02,nan
2.076666666666666572e+02,nan
2.077500000000000000e+02,nan
2.078333333333333144e+02,nan
2.079166666666666572e+02,nan
2.080000000000000000e+02,nan
2.080833333333333144e+02,nan
2.081666666666666572e+02,nan
2.082500000000000000e+02,nan
2.083333333333333144e+02,nan
2.084166666666666572e+02,nan
2.085000000000000000e+02,nan
2.085833333333333144e+02,nan
2.086666666666666572e+02,nan
2.087500000000000000e+02,nan
2.088333333333333144e+02,nan
2.089166666666666572e+02,nan
2.090000000000000000e+02,nan
2.090833333333333144e+02,nan
2.091666666666666572e+02,nan
2.092500000000000000e+02,nan
2.093333333333333144e+02,nan
2.094166666666666572e+02,nan
2.095000000000000000e+02,nan
2.095833333333333144e+02,nan
2.096666666666666572e+02,nan
2.097500000000000000e+02,nan
2.098333333333333144e+02,nan
2.099166666666666572e+02,nan
2.100000000000000000e+02,nan
2.100833333333333144e+02,nan
2.101666666666666572e+02,nan
2.102500000000000000e+02,nan
2.103333333333333144e+02,nan
2.104166666666666572e+02,nan
2.105000000000000000e+02,nan
2.105833333333333144e+02,nan
2.106666666666666572e+02,nan
2.107500000000000000e+02,nan
2.108333333333333144e+02,nan
2.109166666666666572e+02,nan
2.110000000000000000e+02,nan
2.110833333333333144e+02,nan
2.111666666666666572e+02,nan
2.112500000000000000e+02,nan
2.113333333333333144e+02,nan
2.114166666666666572e+02,nan
2.115000000000000000e+02,nan
2.115833333333333144e+02,nan
2.116666666666666572e+02,nan
2.117500000000000000e+02,nan
2.118333333333333144e+02,nan
2.119166666666666572e+02,nan
2.120000000000000000e+02,nan
2.120833333333333144e+02,nan
2.121666666666666572e+02,nan
2.122500000000000000e+02,nan
2.123333333333333144e+02,nan
2.124166666666666572e+02,nan
2.125000000000000000e+02,nan
2.125833333333333144e+02,nan
2.126666666666666572e+02,nan
2.127500000000000000e+02,nan
2.128333333333333144e+02,nan
2.129166666666666572e+02,nan
2.130000000000000000e+02,nan
2.130833333333333144e+02,nan
2.131666666666666572e+02,nan
2.132500000000000000e+02,nan
2.133333333333333144e+02,nan
2.134166666666666572e+02,nan
2.135000000000000000e+02,nan
2.135833333333333144e+02,nan
2.136666666666666572e+02,nan
2.137500000000000000e+02,nan
2.138333333333333144e+02,nan
2.139166666666666572e+02,nan
2.140000000000000000e+02,nan
2.140833333333333144e+02,nan
2.141666666666666572e+02,nan
2.142500000000000000e+02,nan
2.143333333333333144e+02,nan
2.144166666666666572e+02,nan
2.145000000000000000e+02,nan
2.145833333333333144e+02,nan
2.146666666666666572e+02,nan
2.147500000000000000e+02,nan
2.148333333333333144e+02,nan
2.149166666666666572e+02,nan
2.150000000000000000e+02,nan
2.150833333333333144e+02,nan
2.151666666666666572e+02,nan
2.152500000000000000e+02,nan
2.153333333333333144e+02,nan
2.154166666666666572e+02,nan
2.155000000000000000e+02,nan
2.155833333333333144e+02,nan
2.156666666666666572e+02,nan
2.157500000000000000e+02,nan
2.158333333333333144e+02,nan
2.159166666666666572e+02,nan
2.160000000000000000e+02,nan
2.160833333333333144e+02,nan
2.161666666666666572e+02,nan
2.162500000000000000e+02,nan
2.163333333333333144e+02,nan
2.164166666666666572e+02,nan
2.165000000000000000e+02,nan
2.165833333333333144e+02,nan
2.166666666666666572e+02,nan
2.167500000000000000e+02,nan
2.168333333333333144e+02,nan
2.169166666666666572e+02,nan
2.170000000000000000e+02,nan
2.170833333333333144e+02,nan
2.171666666666666572e+02,nan
2.172500000000000000e+02,nan
2.173333333333333144e+02,nan
2.174166666666666572e+02,nan
2.175000000000000000e+02,nan
2.175833333333333144e+02,nan
2.176666666666666572e+02,nan
2.177500000000000000e+02,nan
2.178333333333333144e+02,nan
2.179166666666666572e+02,nan
2.180000000000000000e+02,nan
2.180833333333333144e+02,nan
2.181666666666666572e+02,nan
2.182500000000000000e+02,nan
2.183333333333333144e+02,nan
2.184166666666666572e+02,nan
2.185000000000000000e+02,nan
2.185833333333333144e+02,nan
2.186666666666666572e+02,nan
2.187500000000000000e+02,nan
2.188333333333333144e+02,nan
2.189166666666666572e+02,nan
2.190000000000000000e+02,nan
2.190833333333333144e+02,nan
2.191666666666666572e+02,nan
2.192500000000000000e+02,nan
2.193333333333333144e+02,nan
2.194166666666666572e+02,nan
2.195000000000000000e+02,nan
2.195833333333333144e+02,nan
2.196666666666666572e+02,nan
2.197500000000000000e+02,nan
2.198333333333333144e+02,nan
2.199166666666666572e+02,nan
2.200000000000000000e+02,nan
2.200833333333333144e+02,nan
2.201666666666666572e+02,nan
2.202500000000000000e+02,nan
2.203333333333333144e+02,nan
2.204166666666666572e+02,nan
2.205000000000000000e+02,nan
2.205833333333333144e+02,nan
2.206666666666666572e+02,nan
2.207500000000000000e+02,nan
2.208333333333333144e+02,nan
2.209166666666666572e+02,nan
2.210000000000000000e+02,nan
2.210833333333333144e+02,nan
2.211666666666666572e+02,nan
2.212500000000000000e+02,nan
2.213333333333333144e+02,nan
2.214166666666666572e+02,nan
2.215000000000000000e+02,nan
2.215833333333333144e+02,nan
2.216666666666666572e+02,nan
2.217500000000000000e+02,nan
2.218333333333333144e+02,nan
2.219166666666666572e+02,nan
2.220000000000000000e+02,nan
2.220833333333333144e+02,nan
2.221666666666666572e+02,nan
2.222500000000000000e+02,nan
2.223333333333333144e+02,nan
2.224166666666666572e+02,nan
2.225000000000000000e+02,nan
2.225833333333333144e+02,nan
2.226666666666666572e+02,nan
2.227500000000000000e+02,nan
2.228333333333333144e+02,nan
2.229166666666666572e+02,nan
2.230000000000000000e+02,nan
2.230833333333333144e+02,nan
2.231666666666666572e+02,nan
2.232500000000000000e+02,nan
2.233333333333333144e+02,nan
2.234166666666666572e+02,nan
2.235000000000000000e+02,nan
2.235833333333333144e+02,nan
2.236666666666666572e+02,nan
2.237500000000000000e+02,nan
2.238333333333333144e+02,nan
2.239166666666666572e+02,nan
2.240000000000000000e+02,nan
2.240833333333333144e+02,nan
2.241666666666666572e+02,nan
2.242500000000000000e+02,nan
2.243333333333333144e+02,nan
2.244166666666666572e+02,nan
2.245000000000000000e+02,nan
2.245833333333333144e+02,nan
2.246666666666666572e+02,nan
2.247500000000000000e+02,nan
2.248333333333333144e+02,nan
2.249166666666666572e+02,nan
2.250000000000000000e+02,nan
2.250833333333333144e+02,nan
2.251666666666666572e+02,nan
2.252500000000000000e+02,nan
2.253333333333333144e+02,nan
2.254166666666666572e+02,nan
2.255000000000000000e+02,nan
2.255833333333333144e+02,nan
2.256666666666666572e+02,nan
2.257500000000000000e+02,nan
2.258333333333333144e+02,nan
2.259166666666666572e+02,nan
2.260000000000000000e+02,nan
2.260833333333333144e+02,nan
2.261666666666666572e+02,nan
2.262500000000000000e+02,nan
2.263333333333333144e+02,nan
2.264166666666666572e+02,nan
2.265000000000000000e+02,nan
2.265833333333333144e+02,nan
2.266666666666666572e+02,nan
2.267500000000000000e+02,nan
2.268333333333333144e+02,nan
2.269166666666666572e+02,nan
2.270000000000000000e+02,nan
2.270833333333333144e+02,nan
2.271666666666666572e+02,nan
2.272500000000000000e+02,nan
2.273333333333333144e+02,nan
2.274166666666666572e+02,nan
2.275000000000000000e+02,nan
2.275833333333333144e+02,nan
2.276666666666666572e+02,nan
2.277500000000000000e+02,nan
2.278333333333333144e+02,nan
2.279166666666666572e+02,nan
2.280000000000000000e+02,nan
2.280833333333333144e+02,nan
2.281666666666666572e+02,nan
2.282500000000000000e+02,nan
2.283333333333333144e+02,nan
2.284166666666666572e+02,nan
2.285000000000000000e+02,nan
2.285833333333333144e+02,nan
2.286666666666666572e+02,nan
2.287500000000000000e+02,nan
2.288333333333333144e+02,nan
2.289166666666666572e+02,nan
2.290000000000000000e+02,nan
2.290833333333333144e+02,nan
2.291666666666666572e+02,nan
2.292500000000000000e+02,nan
2.293333333333333144e+02,nan
2.294166666666666572e+02,nan
2.295000000000000000e+02,nan
2.295833333333333144e+02,nan
2.296666666666666572e+02,nan
2.297500000000000000e+02,nan
2.298333333333333144e+02,nan
2.299166666666666572e+02,nan
2.300000000000000000e+02,nan
2.300833333333333144e+02,nan
2.301666666666666572e+02,nan
2.302500000000000000e+02,nan
2.303333333333333144e+02,nan
2.304166666666666572e+02,nan
2.305000000000000000e+02,nan
2.305833333333333144e+02,nan
2.306666666666666572e+02,nan
2.307500000000000000e+02,nan
2.308333333333333144e+02,nan
2.309166666666666572e+02,nan
2.310000000000000000e+02,nan
2.310833333333333144e+02,nan
2.311666666666666572e+02,nan
2.312500000000000000e+02,nan
2.313333333333333144e+02,nan
2.314166666666666572e+02,nan
2.315000000000000000e+02,nan
2.315833333333333144e+02,nan
2.316666666666666572e+02,nan
2.317500000000000000e+02,nan
2.318333333333333144e+02,nan
2.319166666666666572e+02,nan
2.320000000000000000e+02,nan
2.320833333333333144e+02,nan
2.321666666666666572e+02,nan
2.322500000000000000e+02,nan
2.323333333333333144e+02,nan
2.324166666666666572e+02,nan
2.325000000000000000e+02,nan
2.325833333333333144e+02,nan
2.326666666666666572e+02,nan
2.327500000000000000e+02,nan
2.328333333333333144e+02,nan
2.329166666666666572e+02,nan
2.330000000000000000e+02,nan
2.330833333333333144e+02,nan
2.331666666666666572e+02,nan
2.332500000000000000e+02,nan
2.333333333333333144e+02,nan
2.334166666666666572e+02,nan
2.335000000000000000e+02,nan
2.335833333333333144e+02,nan
2.336666666666666572e+02,nan
2.337500000000000000e+02,nan
2.338333333333333144e+02,nan
2.339166666666666572e+02,nan
2.340000000000000000e+02,nan
2.340833333333333144e+02,nan
2.341666666666666572e+02,nan
2.342500000000000000e+02,nan
2.343333333333333144e+02,nan
2.344166666666666572e+02,nan
2.345000000000000000e+02,nan
2.345833333333333144e+02,nan
2.346666666666666572e+02,nan
2.347500000000000000e+02,nan
2.348333333333333144e+02,nan
2.349166666666666572e+02,nan
2.350000000000000000e+02,nan
2.350833333333333144e+02,nan
2.351666666666666572e+02,nan
2.352500000000000000e+02,nan
2.353333333333333144e+02,nan
2.354166666666666572e+02,nan
2.355000000000000000e+02,nan
2.355833333333333144e+02,nan
2.356666666666666572e+02,nan
2.357500000000000000e+02,nan
2.358333333333333144e+02,nan
2.359166666666666572e+02,nan
2.360000000000000000e+02,nan
2.360833333333333144e+02,nan
2.361666666666666572e+02,nan
2.362500000000000000e+02,nan
2.363333333333333144e+02,nan
2.364166666666666572e+02,nan
2.365000000000000000e+02,nan
2.365833333333333144e+02,nan
2.366666666666666572e+02,nan
2.367500000000000000e+02,nan
2.368333333333333144e+02,nan
2.369166666666666572e+02,nan
2.370000000000000000e+02,nan
2.370833333333333144e+02,nan
2.371666666666666572e+02,nan
2.372500000000000000e+02,nan
2.373333333333333144e+02,nan
2.374166666666666572e+02,nan
2.375000000000000000e+02,nan
2.375833333333333144e+02,nan
2.376666666666666572e+02,nan
2.377500000000000000e+02,nan
2.378333333333333144e+02,nan
2.379166666666666572e+02,nan
2.380000000000000000e+02,nan
2.380833333333333144e+02,nan
2.381666666666666572e+02,nan
2.382500000000000000e+02,nan
2.383333333333333144e+02,nan
2.384166666666666572e+02,nan
2.385000000000000000e+02,nan
2.385833333333333144e+02,nan
2.386666666666666572e+02,nan
2.387500000000000000e+02,nan
2.388333333333333144e+02,nan
2.389166666666666572e+02,nan
2.390000000000000000e+02,nan
2.390833333333333144e+02,nan
2.391666666666666572e+02,nan
2.392500000000000000e+02,nan
2.393333333333333144e+02,nan
2.394166666666666572e+02,nan
2.395000000000000000e+02,nan
2.395833333333333144e+02,nan
2.396666666666666572e+02,nan
2.397500000000000000e+02,nan
2.398333333333333144e+02,nan
2.399166666666666572e+02,nan
2.400000000000000000e+02,nan
2.400833333333333144e+02,nan
2.401666666666666572e+02,nan
2.402500000000000000e+02,nan
2.403333333333333144e+02,nan
2.404166666666666572e+02,nan
2.405000000000000000e+02,nan
2.405833333333333144e+02,nan
2.406666666666666572e+02,nan
2.407500000000000000e+02,nan
2.408333333333333144e+02,nan
2.409166666666666572e+02,nan
2.410000000000000000e+02,nan
2.410833333333333144e+02,nan
2.411666666666666572e+02,nan
2.412500000000000000e+02,nan
2.413333333333333144e+02,nan
2.414166666666666572e+02,nan
2.415000000000000000e+02,nan
2.415833333333333144e+02,nan
2.416666666666666572e+02,nan
2.417500000000000000e+02,nan
2.418333333333333144e+02,nan
2.419166666666666572e+02,nan
2.420000000000000000e+02,nan
2.420833333333333144e+02,nan
2.421666666666666572e+02,nan
2.422500000000000000e+02,nan
2.423333333333333144e+02,nan
2.424166666666666572e+02,nan
2.425000000000000000e+02,nan
2.425833333333333144e+02,nan
2.426666666666666572e+02,nan
2.427500000000000000e+02,nan
2.428333333333333144e+02,nan
2.429166666666666572e+02,nan
2.430000000000000000e+02,nan
2.430833333333333144e+02,nan
2.431666666666666572e+02,nan
2.432500000000000000e+02,nan
2.433333333333333144e+02,nan
2.434166666666666572e+02,nan
2.435000000000000000e+02,nan
2.435833333333333144e+02,nan
2.436666666666666572e+02,nan
2.437500000000000000e+02,nan
2.438333333333333144e+02,nan
2.439166666666666572e+02,nan
2.440000000000000000e+02,nan
2.440833333333333144e+02,nan
2.441666666666666572e+02,nan
2.442500000000000000e+02,nan
2.443333333333333144e+02,nan
2.444166666666666572e+02,nan
2.445000000000000000e+02,nan
2.445833333333333144e+02,nan
2.446666666666666572e+02,nan
2.447500000000000000e+02,nan
2.448333333333333144e+02,nan
2.449166666666666572e+02,nan
2.450000000000000000e+02,nan
2.450833333333333144e+02,nan
2.451666666666666572e+02,nan
2.452500000000000000e+02,nan
2.453333333333333144e+02,nan
2.454166666666666572e+02,nan
2.455000000000000000e+02,nan
2.455833333333333144e+02,nan
2.456666666666666572e+02,nan
2.457500000000000000e+02,nan
2.458333333333333144e+02,nan
2.459166666666666572e+02,nan
2.460000000000000000e+02,nan
2.460833333333333144e+02,nan
2.461666666666666572e+02,nan
2.462500000000000000e+02,nan
2.463333333333333144e+02,nan
2.464166666666666572e+02,nan
2.465000000000000000e+02,nan
2.465833333333333144e+02,nan
2.466666666666666572e+02,nan
2.467500000000000000e+02,nan
2.468333333333333144e+02,nan
2.469166666666666572e+02,nan
2.470000000000000000e+02,nan
2.470833333333333144e+02,nan
2.471666666666666572e+02,nan
2.472500000000000000e+02,nan
2.473333333333333144e+02,nan
2.474166666666666572e+02,nan
2.475000000000000000e+02,nan
2.475833333333333144e+02,nan
2.476666666666666572e+02,nan
2.477500000000000000e+02,nan
2.478333333333333144e+02,nan
2.479166666666666572e+02,nan
2.480000000000000000e+02,nan
2.480833333333333144e+02,nan
2.481666666666666572e+02,nan
2.482500000000000000e+02,nan
2.483333333333333144e+02,nan
2.484166666666666572e+02,nan
2.485000000000000000e+02,nan
2.485833333333333144e+02,nan
2.486666666666666572e+02,nan
2.487500000000000000e+02,nan
2.488333333333333144e+02,nan
2.489166666666666572e+02,nan
2.490000000000000000e+02,nan
2.490833333333333144e+02,nan
2.491666666666666572e+02,nan
2.492500000000000000e+02,nan
2.493333333333333144e+02,nan
2.494166666666666572e+02,nan
2.495000000000000000e+02,nan
2.495833333333333144e+02,nan
2.496666666666666572e+02,nan
2.497500000000000000e+02,nan
2.498333333333333144e+02,nan
2.499166666666666572e+02,nan
2.500000000000000000e+02,nan
2.500833333333333144e+02,nan
2.501666666666666572e+02,nan
2.502500000000000000e+02,nan
2.503333333333333144e+02,nan
2.504166666666666572e+02,nan
2.505000000000000000e+02,nan
2.505833333333333144e+02,nan
2.506666666666666572e+02,nan
2.507500000000000000e+02,nan
2.508333333333333144e+02,nan
2.509166666666666572e+02,nan
2.510000000000000000e+02,nan
2.510833333333333144e+02,nan
2.511666666666666572e+02,nan
2.512500000000000000e+02,nan
2.513333333333333144e+02,nan
2.514166666666666572e+02,nan
2.515000000000000000e+02,nan
2.515833333333333144e+02,nan
2.516666666666666572e+02,nan
2.517500000000000000e+02,nan
2.518333333333333144e+02,nan
2.519166666666666572e+02,nan
2.520000000000000000e+02,nan
2.520833333333333144e+02,nan
2.521666666666666572e+02,nan
2.522500000000000000e+02,nan
2.523333333333333144e+02,nan
2.524166666666666572e+02,nan
2.525000000000000000e+02,nan
2.525833333333333144e+02,nan
2.526666666666666572e+02,nan
2.527500000000000000e+02,nan
2.528333333333333144e+02,nan
2.529166666666666572e+02,nan
2.530000000000000000e+02,nan
2.530833333333333144e+02,nan
2.531666666666666572e+02,nan
2.532500000000000000e+02,nan
2.533333333333333144e+02,nan
2.534166666666666572e+02,nan
2.535000000000000000e+02,nan
2.535833333333333144e+02,nan
2.536666666666666572e+02,nan
2.537500000000000000e+02,nan
2.538333333333333144e+02,nan
2.539166666666666572e+02,nan
2.540000000000000000e+02,nan
2.540833333333333144e+02,nan
2.541666666666666572e+02,nan
2.542500000000000000e+02,nan
2.543333333333333144e+02,nan
2.544166666666666572e+02,nan
2.545000000000000000e+02,nan
2.545833333333333144e+02,nan
2.546666666666666572e+02,nan
2.547500000000000000e+02,nan
2.548333333333333144e+02,nan
2.549166666666666572e+02,nan
2.550000000000000000e+02,nan
2.550833333333333144e+02,nan
2.551666666666666572e+02,nan
2.552500000000000000e+02,nan
2.553333333333333144e+02,nan
2.554166666666666572e+02,nan
2.555000000000000000e+02,nan
2.555833333333333144e+02,nan
2.556666666666666572e+02,nan
2.557500000000000000e+02,nan
2.558333333333333144e+02,nan
2.559166666666666572e+02,nan
2.560000000000000000e+02,nan
