0.000000000000000000e+00,6.125064556840102009e-02
8.333333333333332871e-02,1.952212088550831504e-01
1.666666666666666574e-01,4.923752588616839287e-02
2.500000000000000000e-01,3.298136325457246693e-02
3.333333333333333148e-01,3.920396466582681816e-03
4.166666666666666297e-01,6.019312501230326962e-03
5.000000000000000000e-01,2.498204414534908047e-01
5.833333333333332593e-01,1.215627895673766223e-01
6.666666666666666297e-01,1.770614825457354422e-02
7.500000000000000000e-01,2.590655873727486496e-03
8.333333333333332593e-01,2.115077386941749751e-02
9.166666666666666297e-01,3.455596182282296563e-02
1.000000000000000000e+00,5.452219270068297922e-03
1.083333333333333259e+00,6.635603232531219441e-03
1.166666666666666519e+00,1.596600687169935640e-01
1.250000000000000000e+00,5.399996844566895549e-02
1.333333333333333259e+00,5.417049595628041503e-02
1.416666666666666519e+00,3.155300912848569075e-03
1.500000000000000000e+00,5.175932701652438683e-02
1.583333333333333259e+00,1.605898060075763301e-01
1.666666666666666519e+00,5.049086098652342258e-01
1.750000000000000000e+00,1.084760325511126972e-01
1.833333333333333259e+00,5.295355582104839531e-02
1.916666666666666519e+00,3.734534913202667422e-02
2.000000000000000000e+00,1.198934606788962659e-01
2.083333333333333037e+00,1.285668083463444022e-01
2.166666666666666519e+00,4.271757527613174177e-01
2.250000000000000000e+00,2.768853888723670220e-01
2.333333333333333037e+00,9.781835155733076270e-02
2.416666666666666519e+00,1.904385933638123585e-01
2.500000000000000000e+00,2.386467539197743570e-01
2.583333333333333037e+00,8.585033230550365158e-02
2.666666666666666519e+00,1.500201326670278779e-01
2.750000000000000000e+00,1.464516708243042697e-01
2.833333333333333037e+00,1.178779246229011701e-01
2.916666666666666519e+00,3.418803030962283551e-02
3.000000000000000000e+00,3.660699002044492251e-02
3.083333333333333037e+00,4.024875314154261613e-02
3.166666666666666519e+00,1.160956988346390079e-01
3.250000000000000000e+00,1.082032874282513185e-02
3.333333333333333037e+00,7.668303509571786254e-03
3.416666666666666519e+00,6.415854548336236141e-02
3.500000000000000000e+00,3.745514152836819377e-02
3.583333333333333037e+00,5.879198871313625480e-02
3.666666666666666519e+00,7.106756088255108614e-03
3.750000000000000000e+00,3.135675782235098491e-02
3.833333333333333037e+00,4.920721856552914830e-02
3.916666666666666519e+00,6.422993150390292338e-02
4.000000000000000000e+00,3.419323800573479538e-02
4.083333333333333037e+00,5.695368408602107663e-02
4.166666666666666075e+00,3.682469285200223874e-02
4.250000000000000000e+00,5.380162407470052977e-02
4.333333333333333037e+00,2.509702412777620878e-02
4.416666666666666075e+00,1.891304895711472811e-01
4.500000000000000000e+00,2.409419685817967005e-01
4.583333333333333037e+00,9.929994406640013649e-02
4.666666666666666075e+00,2.823267842167835259e-02
4.750000000000000000e+00,1.357469592888613519e-01
4.833333333333333037e+00,1.421455481063959581e-01
4.916666666666666075e+00,1.355433702037650290e-01
5.000000000000000000e+00,2.275743101174252103e-01
5.083333333333333037e+00,2.064531158501861641e-01
5.166666666666666075e+00,9.350314230397190063e-02
5.250000000000000000e+00,8.654091671924685203e-03
5.333333333333333037e+00,3.505245979231568637e-02
5.416666666666666075e+00,1.094547969807242865e-01
5.500000000000000000e+00,9.491429663028388281e-03
5.583333333333333037e+00,1.649359607577864650e-02
5.666666666666666075e+00,1.456319977068737739e-03
5.750000000000000000e+00,1.249923756837573001e-02
5.833333333333333037e+00,2.655971023337393242e-03
5.916666666666666075e+00,1.868371062701950913e-01
6.000000000000000000e+00,1.327711814293231762e-01
6.083333333333333037e+00,9.542499120470034416e-03
6.166666666666666075e+00,4.230395147618051972e-03
6.250000000000000000e+00,7.988783090563257583e-02
6.333333333333333037e+00,8.522079465623819128e-02
6.416666666666666075e+00,3.826644578699492372e-02
6.500000000000000000e+00,8.142301003779404966e-03
6.583333333333333037e+00,2.567502465171497480e-02
6.666666666666666075e+00,3.923572938889571815e-02
6.750000000000000000e+00,6.288625159426701472e-02
6.833333333333333037e+00,3.733938018690956956e-02
6.916666666666666075e+00,5.625916168764681646e-02
7.000000000000000000e+00,1.796627358162688481e-01
7.083333333333333037e+00,7.810297003406317662e-02
7.166666666666666075e+00,5.186231921634325628e-03
7.250000000000000000e+00,8.037185860221636446e-02
7.333333333333333037e+00,5.036206306688507939e-02
7.416666666666666075e+00,2.768039075625446793e-02
7.500000000000000000e+00,3.782972214623619989e-02
7.583333333333333037e+00,1.602820520760971645e-01
7.666666666666666075e+00,2.285691954723310104e-01
7.750000000000000000e+00,2.069606372216804269e-01
7.833333333333333037e+00,6.697109335238395078e-02
7.916666666666666075e+00,6.774394114148103718e-03
8.000000000000000000e+00,1.799116066199980130e-02
8.083333333333332149e+00,6.505981071860214571e-02
8.166666666666666075e+00,3.895763301092928371e-02
8.250000000000000000e+00,1.136140909264891780e-01
8.333333333333332149e+00,5.709139841231911788e-02
8.416666666666666075e+00,5.205947834847571981e-02
8.500000000000000000e+00,1.535018976174545025e-01
8.583333333333332149e+00,3.421753446024276141e-02
8.666666666666666075e+00,2.799457120592821133e-02
8.750000000000000000e+00,1.582147463503259105e-02
8.833333333333332149e+00,2.263728549062046271e-03
8.916666666666666075e+00,3.306758497025301391e-02
9.000000000000000000e+00,2.118120164766206515e-01
9.083333333333332149e+00,2.057144216893417310e-01
9.166666666666666075e+00,7.961879126276824592e-02
9.250000000000000000e+00,6.088495434328764985e-03
9.333333333333332149e+00,1.369937110507617357e-02
9.416666666666666075e+00,1.177834147488153044e-01
9.500000000000000000e+00,1.122389850219979862e-01
9.583333333333332149e+00,8.751763014942078034e-02
9.666666666666666075e+00,8.564634696466551234e-02
9.750000000000000000e+00,3.262185552068071898e-02
9.833333333333332149e+00,6.905143428418870910e-02
9.916666666666666075e+00,4.439400946675543802e-02
1.000000000000000000e+01,1.665125845904986690e-01
1.008333333333333215e+01,4.694433971079574330e-02
1.016666666666666607e+01,3.339419451980672054e-02
1.025000000000000000e+01,1.568938514794132946e-02
1.033333333333333215e+01,8.329864740880757326e-04
1.041666666666666607e+01,1.118393316564504913e-01
1.050000000000000000e+01,9.161516666946343396e-03
1.058333333333333215e+01,1.728597546014246922e-01
1.066666666666666607e+01,1.670555669591179682e-02
1.075000000000000000e+01,1.196112039159631935e-01
1.083333333333333215e+01,1.227834191786027034e-02
1.091666666666666607e+01,1.414374898360267266e-02
1.100000000000000000e+01,8.830738567501497660e-02
1.108333333333333215e+01,9.464528312503271701e-02
1.116666666666666607e+01,2.728881239838723549e-01
1.125000000000000000e+01,7.247721864128646718e-01
1.133333333333333215e+01,6.744832257587212165e-01
1.141666666666666607e+01,9.918183329511322255e-02
1.150000000000000000e+01,2.686622807740722454e-03
1.158333333333333215e+01,5.728592573826187320e-03
1.166666666666666607e+01,9.349230165214208674e-03
1.175000000000000000e+01,5.751910686110206505e-02
1.183333333333333215e+01,9.338972349475145596e-02
1.191666666666666607e+01,2.832839874301299084e-03
1.200000000000000000e+01,3.110173994737610095e-02
1.208333333333333215e+01,9.101952595454086930e-05
1.216666666666666607e+01,4.277659121875780623e-02
1.225000000000000000e+01,1.019440965765448792e-02
1.233333333333333215e+01,4.774892015683291670e-03
1.241666666666666607e+01,5.996784596925817251e-02
1.250000000000000000e+01,3.368828932912185797e-02
1.258333333333333215e+01,3.410506044241756740e-02
1.266666666666666607e+01,4.306543111468057183e-02
1.275000000000000000e+01,1.005937291784049677e-02
1.283333333333333215e+01,2.211201363819435828e-01
1.291666666666666607e+01,1.058813436570487168e-02
1.300000000000000000e+01,3.897220087078290263e-02
1.308333333333333215e+01,5.425057368908609880e-03
1.316666666666666607e+01,3.526265129215269776e-03
1.325000000000000000e+01,4.378951655973228191e-02
1.333333333333333215e+01,2.877783597334185317e-02
1.341666666666666607e+01,4.615607680077628977e-02
1.350000000000000000e+01,3.353079310576941030e-02
1.358333333333333215e+01,6.441690421018470003e-02
1.366666666666666607e+01,5.572061875888312255e-02
1.375000000000000000e+01,1.361369580280372832e-02
1.383333333333333215e+01,4.210503140604146370e-03
1.391666666666666607e+01,3.502381737623400798e-02
1.400000000000000000e+01,1.988502612480432755e-03
1.408333333333333215e+01,4.445912161345151603e-02
1.416666666666666607e+01,4.059650228489365686e-02
1.425000000000000000e+01,4.070259400713185927e-02
1.433333333333333215e+01,3.789274445926141526e-03
1.441666666666666607e+01,7.715693298308969050e-02
1.450000000000000000e+01,9.579354967469816406e-02
1.458333333333333215e+01,3.652842563691093003e-02
1.466666666666666607e+01,3.891495832375680558e-02
1.475000000000000000e+01,9.485570105053155177e-02
1.483333333333333215e+01,1.828151922825870315e-02
1.491666666666666607e+01,1.038902195576538734e-01
1.500000000000000000e+01,1.034618193449265283e-02
1.508333333333333215e+01,1.010250459992312055e-01
1.516666666666666607e+01,1.728118121355646519e-01
1.525000000000000000e+01,8.519958793010773412e-02
1.533333333333333215e+01,9.704640490418670051e-02
1.541666666666666607e+01,4.950531805401243990e-02
1.550000000000000000e+01,1.310300071185607484e-01
1.558333333333333215e+01,8.345837364168268158e-02
1.566666666666666607e+01,3.174160555085621394e-02
1.575000000000000000e+01,2.194153911978445788e-03
1.583333333333333215e+01,4.596239786505269993e-03
1.591666666666666607e+01,6.214496219602556881e-02
1.600000000000000000e+01,1.456134663702443252e-02
1.608333333333333215e+01,1.772861148589465613e-02
1.616666666666666430e+01,3.822660289485163565e-02
1.625000000000000000e+01,1.054178840521706878e-01
1.633333333333333215e+01,6.231527026518380447e-02
1.641666666666666430e+01,1.558776463615947627e-02
1.650000000000000000e+01,1.556026009744959984e-02
1.658333333333333215e+01,1.032811743966148034e-02
1.666666666666666430e+01,1.535129781228899114e-02
1.675000000000000000e+01,6.310393357769583655e-02
1.683333333333333215e+01,6.160560293140630861e-02
1.691666666666666430e+01,1.086772340350585344e-03
1.700000000000000000e+01,1.218302753056827066e-02
1.708333333333333215e+01,7.721425240095294851e-02
1.716666666666666430e+01,2.497081470770422945e-02
1.725000000000000000e+01,3.933444759775520799e-02
1.733333333333333215e+01,4.774277071957371693e-02
1.741666666666666430e+01,7.563027564605580289e-02
1.750000000000000000e+01,7.065786170668596211e-02
1.758333333333333215e+01,9.870461315580615971e-03
1.766666666666666430e+01,6.853630044883451955e-02
1.775000000000000000e+01,9.827108996373257535e-03
1.783333333333333215e+01,7.921069548738519234e-03
1.791666666666666430e+01,8.123765291614033768e-02
1.800000000000000000e+01,8.778647820845075778e-02
1.808333333333333215e+01,5.603623589281409023e-02
1.816666666666666430e+01,2.248411890643408489e-02
1.825000000000000000e+01,5.475949298165660485e-03
1.833333333333333215e+01,3.300894226536393861e-02
1.841666666666666430e+01,2.515242407034164619e-03
1.850000000000000000e+01,8.959422202097392512e-03
1.858333333333333215e+01,3.825238193627413658e-02
1.866666666666666430e+01,3.360003756289289129e-02
1.875000000000000000e+01,1.823084610596263089e-01
1.883333333333333215e+01,7.498051018520787703e-02
1.891666666666666430e+01,6.994780745821951862e-02
1.900000000000000000e+01,1.961429429244306022e-02
1.908333333333333215e+01,1.034882333455711644e-02
1.916666666666666430e+01,1.852363100179034716e-01
1.925000000000000000e+01,1.166396940586241354e-01
1.933333333333333215e+01,1.265514741834501133e-01
1.941666666666666430e+01,1.003846562778462582e-03
1.950000000000000000e+01,4.613829231267427972e-02
1.958333333333333215e+01,1.507918988079829346e-02
1.966666666666666430e+01,1.761857365043086321e-01
1.975000000000000000e+01,1.008089377098834311e-01
1.983333333333333215e+01,1.140801017117186629e-02
1.991666666666666430e+01,5.317945589372647525e-02
2.000000000000000000e+01,2.323349794980136135e-02
2.008333333333333215e+01,4.999614056247932842e-03
2.016666666666666430e+01,2.153365104769907473e-02
2.025000000000000000e+01,4.764908074780939418e-02
2.033333333333333215e+01,4.108412078971813985e-02
2.041666666666666430e+01,1.516710585653379371e-02
2.050000000000000000e+01,3.283177410672646467e-03
2.058333333333333215e+01,1.074505131102457961e-01
2.066666666666666430e+01,9.878028615467786266e-02
2.075000000000000000e+01,7.614508351095591702e-03
2.083333333333333215e+01,8.746194431202644615e-02
2.091666666666666430e+01,1.487862418474738234e-02
2.100000000000000000e+01,2.266753637796084173e-02
2.108333333333333215e+01,7.686682535103790681e-02
2.116666666666666430e+01,1.771026672069249408e-02
2.125000000000000000e+01,3.521566505575429024e-02
2.133333333333333215e+01,7.448014782520868959e-02
2.141666666666666430e+01,6.685852330010266797e-02
2.150000000000000000e+01,4.646233856730222489e-02
2.158333333333333215e+01,1.621785607581994471e-01
2.166666666666666430e+01,2.131781195747791124e-01
2.175000000000000000e+01,1.783950701891017388e-03
2.183333333333333215e+01,4.909864223511305192e-02
2.191666666666666430e+01,2.962403560890493077e-03
2.200000000000000000e+01,8.890884822720660635e-03
2.208333333333333215e+01,6.005994883114413804e-03
2.216666666666666430e+01,1.177543201325860628e-01
2.225000000000000000e+01,6.660717610425341551e-02
2.233333333333333215e+01,1.395497943074859928e-02
2.241666666666666430e+01,1.414959140299979802e-02
2.250000000000000000e+01,1.505555832192545865e-02
2.258333333333333215e+01,4.881001649852913238e-02
2.266666666666666430e+01,3.383410157345501101e-02
2.275000000000000000e+01,2.543493073545771352e-02
2.283333333333333215e+01,7.155432032677112864e-02
2.291666666666666430e+01,2.176705012172022030e-02
2.300000000000000000e+01,1.299612168375093718e-02
2.308333333333333215e+01,1.017249673983813482e-02
2.316666666666666430e+01,2.747402570327414119e-03
2.325000000000000000e+01,8.715985594514152196e-04
2.333333333333333215e+01,3.133385437162054116e-02
2.341666666666666430e+01,1.467374501548555400e-02
2.350000000000000000e+01,5.603196831712008857e-02
2.358333333333333215e+01,5.501858716926947418e-02
2.366666666666666430e+01,6.637741068140358414e-02
2.375000000000000000e+01,5.267313509245588436e-03
2.383333333333333215e+01,1.172343669682572032e-01
2.391666666666666430e+01,2.276371258301822936e-02
2.400000000000000000e+01,2.010160623048507650e-02
2.408333333333333215e+01,2.992207997115524723e-02
2.416666666666666430e+01,2.591936200990620567e-02
2.425000000000000000e+01,6.455537285883772292e-03
2.433333333333333215e+01,4.712445908129063443e-02
2.441666666666666430e+01,1.573374802658608629e-01
2.450000000000000000e+01,1.538442240598488220e-01
2.458333333333333215e+01,2.264077888366741471e-03
2.466666666666666430e+01,9.793393590970744800e-02
2.475000000000000000e+01,5.203815990360198540e-02
2.483333333333333215e+01,2.402099653882220839e-02
2.491666666666666430e+01,8.869044275804890964e-02
2.500000000000000000e+01,2.753294292302980312e-02
2.508333333333333215e+01,1.902432144851147477e-02
2.516666666666666430e+01,6.697025162611518548e-03
2.525000000000000000e+01,1.052072810512615780e-02
2.533333333333333215e+01,1.004507538541876271e-01
2.541666666666666430e+01,1.909825060620855830e-01
2.550000000000000000e+01,4.014280270724369937e-02
2.558333333333333215e+01,9.949296602392988624e-04
2.566666666666666430e+01,2.782574775744470555e-02
2.575000000000000000e+01,7.130121300396268305e-03
2.583333333333333215e+01,1.448733138058825101e-02
2.591666666666666430e+01,6.944465890959913195e-04
2.600000000000000000e+01,9.542901200989236873e-03
2.608333333333333215e+01,2.510464365947080723e-02
2.616666666666666430e+01,2.100295902869587714e-02
2.625000000000000000e+01,9.175469198079229394e-02
2.633333333333333215e+01,1.498343929603959956e-01
2.641666666666666430e+01,1.631617665049987093e-02
2.650000000000000000e+01,7.329760632851781144e-02
2.658333333333333215e+01,1.293344543540192980e-02
2.666666666666666430e+01,1.084848185369717034e-02
2.675000000000000000e+01,3.553653673128149421e-02
2.683333333333333215e+01,5.947802009309955534e-02
2.691666666666666430e+01,1.768884114168357488e-02
2.700000000000000000e+01,1.598270554980411613e-03
2.708333333333333215e+01,7.385837725622729222e-02
2.716666666666666430e+01,2.749107593416489324e-03
2.725000000000000000e+01,2.100204276196330350e-02
2.733333333333333215e+01,2.189668736765011670e-02
2.741666666666666430e+01,5.680567696891269253e-02
2.750000000000000000e+01,7.547257626316038193e-02
2.758333333333333215e+01,6.688472479803062032e-02
2.766666666666666430e+01,4.957019331227874130e-03
2.775000000000000000e+01,4.328013572175679058e-02
2.783333333333333215e+01,4.090568662647174614e-02
2.791666666666666430e+01,3.263806052386043766e-02
2.800000000000000000e+01,1.541927085454950115e-02
2.808333333333333215e+01,3.526817444290571840e-02
2.816666666666666430e+01,6.009672085450197543e-02
2.825000000000000000e+01,8.346791650394409789e-02
2.833333333333333215e+01,8.702248431225281800e-02
2.841666666666666430e+01,1.890885265757228208e-03
2.850000000000000000e+01,8.910804473949875126e-02
2.858333333333333215e+01,2.897200079624680513e-01
2.866666666666666430e+01,1.550739066623209039e-01
2.875000000000000000e+01,2.505506206911183864e-01
2.883333333333333215e+01,5.536137678389831812e-02
2.891666666666666430e+01,1.671163777293199065e-02
2.900000000000000000e+01,9.371725458398003387e-04
2.908333333333333215e+01,1.743456433402614664e-02
2.916666666666666430e+01,3.415452381796747067e-02
2.925000000000000000e+01,3.382652913162335906e-02
2.933333333333333215e+01,3.113602286200858188e-03
2.941666666666666430e+01,3.618190989804273561e-03
2.950000000000000000e+01,1.324027900276848486e-03
2.958333333333333215e+01,9.276586151432243688e-02
2.966666666666666430e+01,1.616819868679438554e-01
2.975000000000000000e+01,9.541281851681036874e-02
2.983333333333333215e+01,1.948110461466441307e-03
2.991666666666666430e+01,5.377331146931516731e-02
3.000000000000000000e+01,3.326296685604876457e-02
3.008333333333333215e+01,5.602375316906262059e-02
3.016666666666666430e+01,2.258540235924522133e-02
3.025000000000000000e+01,1.800214384369692609e-03
3.033333333333333215e+01,3.380904694164765713e-03
3.041666666666666430e+01,7.879569471489493437e-02
3.050000000000000000e+01,6.617784424483763583e-02
3.058333333333333215e+01,5.607442174746123803e-02
3.066666666666666430e+01,5.285413815479119565e-02
3.075000000000000000e+01,1.940219804552543266e-03
3.083333333333333215e+01,1.318544996722822169e-04
3.091666666666666430e+01,3.914245051217599830e-02
3.100000000000000000e+01,1.071514810493105242e-02
3.108333333333333215e+01,5.288902748773505191e-02
3.116666666666666430e+01,1.860532367182890848e-02
3.125000000000000000e+01,5.067427897592602024e-03
3.133333333333333215e+01,6.271628102311213593e-02
3.141666666666666430e+01,1.188089073132085269e-02
3.150000000000000000e+01,5.687854911699030680e-02
3.158333333333333215e+01,5.283712548416846788e-02
3.166666666666666430e+01,3.453613252132046053e-03
3.175000000000000000e+01,5.511281512510497749e-02
3.183333333333333215e+01,1.131241317291275909e-02
3.191666666666666430e+01,1.125750235623376866e-01
3.200000000000000000e+01,1.384327311759124546e-02
3.208333333333332860e+01,5.455463717477939539e-02
3.216666666666666430e+01,3.154315689942658457e-02
3.225000000000000000e+01,7.225595784488319379e-03
3.233333333333332860e+01,4.252280460337375806e-02
3.241666666666666430e+01,1.931210240653218058e-02
3.250000000000000000e+01,3.223437913805957816e-02
3.258333333333332860e+01,5.699800223158454048e-03
3.266666666666666430e+01,1.566112647494030674e-02
3.275000000000000000e+01,6.935504369754777465e-02
3.283333333333332860e+01,1.227526206593036462e-01
3.291666666666666430e+01,1.962237454844380224e-01
3.300000000000000000e+01,5.136187321617811247e-02
3.308333333333332860e+01,1.412792637710245588e-02
3.316666666666666430e+01,5.046128889944139634e-02
3.325000000000000000e+01,5.759418153641140264e-02
3.333333333333332860e+01,1.819705809157536047e-01
3.341666666666666430e+01,1.067438608692360125e-01
3.350000000000000000e+01,1.917018448733062708e-02
3.358333333333332860e+01,5.147078087859303930e-02
3.366666666666666430e+01,1.928917099709406141e-02
3.375000000000000000e+01,6.083858102372746018e-02
3.383333333333332860e+01,5.095100920398411282e-02
3.391666666666666430e+01,3.315635220936632294e-02
3.400000000000000000e+01,1.286117330126873848e-01
3.408333333333332860e+01,7.986943935030143193e-04
3.416666666666666430e+01,3.291610287103891724e-02
3.425000000000000000e+01,8.702867944110041776e-02
3.433333333333332860e+01,6.584687284526447026e-02
3.441666666666666430e+01,3.324784590629151215e-02
3.450000000000000000e+01,1.910751720721912822e-02
3.458333333333332860e+01,3.185043663926672569e-02
3.466666666666666430e+01,9.235728723960624428e-03
3.475000000000000000e+01,1.271611240526913759e-02
3.483333333333332860e+01,6.064039692800822154e-03
3.491666666666666430e+01,1.513800228805371392e-02
3.500000000000000000e+01,6.824605628226945719e-02
3.508333333333332860e+01,8.420708060829454333e-02
3.516666666666666430e+01,6.701254428003657060e-03
3.525000000000000000e+01,1.976711204436338437e-02
3.533333333333332860e+01,6.124101596122114716e-02
3.541666666666666430e+01,3.716187151019460094e-03
3.550000000000000000e+01,7.991106100767124409e-02
3.558333333333332860e+01,4.223181903982205915e-02
3.566666666666666430e+01,4.655868049196135866e-02
3.575000000000000000e+01,3.348470668096978353e-02
3.583333333333332860e+01,1.321692336221176045e-01
3.591666666666666430e+01,8.079056300475741248e-02
3.600000000000000000e+01,3.008428231483028029e-02
3.608333333333332860e+01,3.380993144852642573e-02
3.616666666666666430e+01,8.242117361369745085e-03
3.625000000000000000e+01,4.677821648836371499e-02
3.633333333333332860e+01,8.755732077106805067e-02
3.641666666666666430e+01,8.713718605405028697e-03
3.650000000000000000e+01,3.907288430917952443e-02
3.658333333333332860e+01,2.726125466327683857e-04
3.666666666666666430e+01,3.294792365485031942e-03
3.675000000000000000e+01,2.202952670465881753e-04
3.683333333333332860e+01,4.735216343737624206e-02
3.691666666666666430e+01,4.264175769796835214e-02
3.700000000000000000e+01,7.722016740576040372e-02
3.708333333333332860e+01,5.400405477937204879e-02
3.716666666666666430e+01,2.997742072200799690e-01
3.725000000000000000e+01,4.802391295993030385e-02
3.733333333333332860e+01,2.441764264969948153e-02
3.741666666666666430e+01,7.075752251404109593e-03
3.750000000000000000e+01,9.865124276848148688e-02
3.758333333333332860e+01,8.588140825124719602e-02
3.766666666666666430e+01,7.990340622104000548e-03
3.775000000000000000e+01,1.635622507435059020e-03
3.783333333333332860e+01,3.107678326731704369e-02
3.791666666666666430e+01,4.222177326016038519e-03
3.800000000000000000e+01,1.914912537259309822e-01
3.808333333333332860e+01,4.527209882599992352e-01
3.816666666666666430e+01,1.710629361573457463e-01
3.825000000000000000e+01,1.539619878140504050e-01
3.833333333333332860e+01,9.283210482013304343e-02
3.841666666666666430e+01,3.096505579700247271e-03
3.850000000000000000e+01,4.318796021161740856e-02
3.858333333333332860e+01,1.404152093137015118e-02
3.866666666666666430e+01,8.819588737993838690e-02
3.875000000000000000e+01,2.925361435656196815e-02
3.883333333333332860e+01,1.718498866013477844e-02
3.891666666666666430e+01,1.542353704050996102e-02
3.900000000000000000e+01,7.062434122128997266e-03
3.908333333333332860e+01,3.120008538821632607e-02
3.916666666666666430e+01,3.906758973620833020e-03
3.925000000000000000e+01,1.307484415286576905e-02
3.933333333333332860e+01,3.542999844789024300e-02
3.941666666666666430e+01,6.932137804660561120e-02
3.950000000000000000e+01,5.622264373452889874e-02
3.958333333333332860e+01,1.119321101310556538e-01
3.966666666666666430e+01,1.967662876197251443e-02
3.975000000000000000e+01,3.928245972269438224e-02
3.983333333333332860e+01,7.786455456806844200e-02
3.991666666666666430e+01,8.619995831850694318e-03
4.000000000000000000e+01,8.177552593853697205e-02
4.008333333333332860e+01,4.559907601290827395e-02
4.016666666666666430e+01,4.949272936889883602e-03
4.025000000000000000e+01,3.538152237436982105e-03
4.033333333333332860e+01,7.618879626617994227e-02
4.041666666666666430e+01,1.471917586309218033e-02
4.050000000000000000e+01,2.486998955732845976e-02
4.058333333333332860e+01,1.409602171933366233e-01
4.066666666666666430e+01,1.422837410281557226e-02
4.075000000000000000e+01,5.299814953067008907e-03
4.083333333333332860e+01,3.246237439234195971e-02
4.091666666666666430e+01,3.429446058637203310e-02
4.100000000000000000e+01,2.383326698072738004e-02
4.108333333333332860e+01,1.101124295575492927e-02
4.116666666666666430e+01,9.281253349432774108e-03
4.125000000000000000e+01,5.806395044822901252e-02
4.133333333333332860e+01,8.310497044382955667e-03
4.141666666666666430e+01,3.101080929165040898e-02
4.150000000000000000e+01,5.317925109256890250e-03
4.158333333333332860e+01,2.824958059342024680e-02
4.166666666666666430e+01,1.011691261350902184e-02
4.175000000000000000e+01,3.611746136816439134e-02
4.183333333333332860e+01,6.758907991831626140e-03
4.191666666666666430e+01,2.162394958864862719e-03
4.200000000000000000e+01,5.802264305326557819e-02
4.208333333333332860e+01,7.962575374572596065e-02
4.216666666666666430e+01,2.245024607575068498e-01
4.225000000000000000e+01,2.324256966419408280e-02
4.233333333333332860e+01,9.101983988776767009e-02
4.241666666666666430e+01,1.964777329829327929e-02
4.250000000000000000e+01,7.039900790402548077e-03
4.258333333333332860e+01,1.315618553981204655e-02
4.266666666666666430e+01,1.197799683312292945e-01
4.275000000000000000e+01,1.827038783267294700e-02
4.283333333333332860e+01,1.128842829188722585e-01
4.291666666666666430e+01,7.882971393920588932e-02
4.300000000000000000e+01,1.088802566372099045e-01
4.308333333333332860e+01,6.788982350919951780e-02
4.316666666666666430e+01,3.726827067879471406e-02
4.325000000000000000e+01,8.451026361630042949e-02
4.333333333333332860e+01,4.457262744532650145e-02
4.341666666666666430e+01,2.064296187459529475e-01
4.350000000000000000e+01,2.636686860699899090e-02
4.358333333333332860e+01,6.945830652546403083e-02
4.366666666666666430e+01,8.803709566417671287e-03
4.375000000000000000e+01,4.649206880678943311e-03
4.383333333333332860e+01,4.648994232743611926e-02
4.391666666666666430e+01,6.527054917866823014e-02
4.400000000000000000e+01,3.000914084638708554e-02
4.408333333333332860e+01,9.698950684618339035e-03
4.416666666666666430e+01,7.823453577630021250e-03
4.425000000000000000e+01,1.571227995312290265e-02
4.433333333333332860e+01,2.949836935612304076e-02
4.441666666666666430e+01,1.230220530338329982e-01
4.450000000000000000e+01,1.096083632691896848e-01
4.458333333333332860e+01,4.014729543483609026e-02
4.466666666666666430e+01,5.650846734578171028e-03
4.475000000000000000e+01,3.261729401882856177e-02
4.483333333333332860e+01,6.453880878659395623e-03
4.491666666666666430e+01,4.507793710432050904e-02
4.500000000000000000e+01,7.091194522237241615e-02
4.508333333333332860e+01,1.100173244429202349e-02
4.516666666666666430e+01,1.236033566228750824e-01
4.525000000000000000e+01,1.872379671267547507e-01
4.533333333333332860e+01,3.499055816223847759e-02
4.541666666666666430e+01,1.793387431234003127e-02
4.550000000000000000e+01,5.163105578051969437e-03
4.558333333333332860e+01,1.305508167543810438e-01
4.566666666666666430e+01,6.496852995837165690e-02
4.575000000000000000e+01,7.399826374271740309e-03
4.583333333333332860e+01,4.539938534093614780e-02
4.591666666666666430e+01,6.354973097657677650e-02
4.600000000000000000e+01,1.899970432328045369e-02
4.608333333333332860e+01,3.977898546731806900e-02
4.616666666666666430e+01,3.193538814995051933e-02
4.625000000000000000e+01,5.914896448919669016e-03
4.633333333333332860e+01,2.004679162838964301e-01
4.641666666666666430e+01,5.829588576302430908e-02
4.650000000000000000e+01,9.007541858394738088e-03
4.658333333333332860e+01,4.434423719053297297e-02
4.666666666666666430e+01,3.611760482762232938e-02
4.675000000000000000e+01,7.230818781784381644e-02
4.683333333333332860e+01,1.289531856704969059e-01
4.691666666666666430e+01,1.651233829729109939e-02
4.700000000000000000e+01,2.120800952814260731e-01
4.708333333333332860e+01,1.352335679760920395e-01
4.716666666666666430e+01,5.004513807027780731e-02
4.725000000000000000e+01,2.542177578965880078e-02
4.733333333333332860e+01,9.209909091353220278e-02
4.741666666666666430e+01,1.614169772865369640e-02
4.750000000000000000e+01,2.953161871950177667e-02
4.758333333333332860e+01,8.830510139758572519e-02
4.766666666666666430e+01,1.424357457581830466e-02
4.775000000000000000e+01,1.160709039841786340e-02
4.783333333333332860e+01,1.510406982499609349e-02
4.791666666666666430e+01,1.114912359383555401e-02
4.800000000000000000e+01,7.759286272455166722e-03
4.808333333333332860e+01,1.237054738140090301e-02
4.816666666666666430e+01,9.798687495424850125e-02
4.825000000000000000e+01,9.172051246181329998e-02
4.833333333333332860e+01,4.411362706779194814e-02
4.841666666666666430e+01,1.931060008579735948e-02
4.850000000000000000e+01,1.101855032177038868e-01
4.858333333333332860e+01,1.225313077081159330e-01
4.866666666666666430e+01,5.597465684460500683e-03
4.875000000000000000e+01,1.990468857694482896e-02
4.883333333333332860e+01,1.760757949309700587e-02
4.891666666666666430e+01,5.037290207516251228e-02
4.900000000000000000e+01,7.986807428608089232e-02
4.908333333333332860e+01,6.368777294224118972e-03
4.916666666666666430e+01,1.245067201842702323e-02
4.925000000000000000e+01,4.393798427839098325e-02
4.933333333333332860e+01,1.004632448940280670e-01
4.941666666666666430e+01,9.363489676485441462e-03
4.950000000000000000e+01,8.084606317657944477e-03
4.958333333333332860e+01,3.496327740073565393e-02
4.966666666666666430e+01,3.371258312332865714e-02
4.975000000000000000e+01,8.045368497866496604e-02
4.983333333333332860e+01,6.533875853144853994e-03
4.991666666666666430e+01,2.636296521611411828e-02
5.000000000000000000e+01,8.111828128894192635e-02
5.008333333333332860e+01,1.363825536460374077e-01
5.016666666666666430e+01,1.836708718314472299e-01
5.025000000000000000e+01,4.174254939959313321e-02
5.033333333333332860e+01,4.740009606679418397e-02
5.041666666666666430e+01,1.261136221987539316e-02
5.050000000000000000e+01,4.057270780009554316e-03
5.058333333333332860e+01,1.394867225390081060e-02
5.066666666666666430e+01,5.255173190889628893e-02
5.075000000000000000e+01,8.534515687732396882e-02
5.083333333333332860e+01,4.954616797806899592e-02
5.091666666666666430e+01,8.773826325763785239e-02
5.100000000000000000e+01,7.390613365648437960e-02
5.108333333333332860e+01,1.090404426991059550e-02
5.116666666666666430e+01,2.688353304075157078e-03
5.125000000000000000e+01,1.462297183009830526e-01
5.133333333333332860e+01,1.293929335810500014e-01
5.141666666666666430e+01,1.546711043391934409e-02
5.150000000000000000e+01,4.940123476424698040e-02
5.158333333333332860e+01,1.293210639787095440e-01
5.166666666666666430e+01,1.150141195895634377e-01
5.175000000000000000e+01,5.794564200515086444e-02
5.183333333333332860e+01,1.008191855086357086e-01
5.191666666666666430e+01,8.226960273145399183e-02
5.200000000000000000e+01,2.919086321977140686e-02
5.208333333333332860e+01,1.532212490331539244e-02
5.216666666666666430e+01,8.965625511722918883e-02
5.225000000000000000e+01,6.782756489937127875e-02
5.233333333333332860e+01,1.682379474535479610e-03
5.241666666666666430e+01,1.367078213856513444e-02
5.250000000000000000e+01,1.426391288237974231e-01
5.258333333333332860e+01,2.122955246922458850e-02
5.266666666666666430e+01,6.145552883128827318e-03
5.275000000000000000e+01,3.406786207788074696e-03
5.283333333333332860e+01,3.507019916816848937e-02
5.291666666666666430e+01,1.591885326060610501e-03
5.300000000000000000e+01,2.066137903726606578e-03
5.308333333333332860e+01,5.726579780317788554e-03
5.316666666666666430e+01,6.868495836516668937e-03
5.325000000000000000e+01,2.650029081902469802e-02
5.333333333333332860e+01,1.331568603936918865e-02
5.341666666666666430e+01,3.337625169059851155e-02
5.350000000000000000e+01,3.612665276905251133e-02
5.358333333333332860e+01,1.692993003419739767e-02
5.366666666666666430e+01,6.261039638113817529e-02
5.375000000000000000e+01,2.179183280842842893e-02
5.383333333333332860e+01,1.491122046014881596e-02
5.391666666666666430e+01,1.087141436034711438e-02
5.400000000000000000e+01,1.716550525845575159e-01
5.408333333333332860e+01,2.061730676777141877e-04
5.416666666666666430e+01,4.606074734562379952e-02
5.425000000000000000e+01,5.376112897848663030e-02
5.433333333333332860e+01,2.646879257709387062e-02
5.441666666666666430e+01,2.065487691303492107e-02
5.450000000000000000e+01,2.793983204312286764e-02
5.458333333333332860e+01,4.022820787949381999e-02
5.466666666666666430e+01,6.173759032494825078e-02
5.475000000000000000e+01,9.643471919891316796e-04
5.483333333333332860e+01,1.897552058697132274e-03
5.491666666666666430e+01,3.553815850782577473e-02
5.500000000000000000e+01,5.456963913865663790e-02
5.508333333333332860e+01,2.182808972358007624e-02
5.516666666666666430e+01,5.302608827618076823e-03
5.525000000000000000e+01,2.188291920585494141e-02
5.533333333333332860e+01,7.399392234898037601e-02
5.541666666666666430e+01,6.518550471940021129e-02
5.550000000000000000e+01,2.903617587360587081e-03
5.558333333333332860e+01,1.581484913016395835e-02
5.566666666666666430e+01,1.465077404970464674e-02
5.575000000000000000e+01,1.357184474686529488e-02
5.583333333333332860e+01,2.832500769826704415e-02
5.591666666666666430e+01,3.531588774536757042e-02
5.600000000000000000e+01,1.208182380763703212e-02
5.608333333333332860e+01,4.113325794449734438e-03
5.616666666666666430e+01,1.943313791692793686e-03
5.625000000000000000e+01,1.471026080709472543e-02
5.633333333333332860e+01,3.300628054733013156e-02
5.641666666666666430e+01,1.162779203936696593e-02
5.650000000000000000e+01,2.149848304476578015e-02
5.658333333333332860e+01,5.946433294701597427e-03
5.666666666666666430e+01,8.573916099321567119e-02
5.675000000000000000e+01,9.559554507452579231e-02
5.683333333333332860e+01,5.558558546728418343e-02
5.691666666666666430e+01,6.477511212029955778e-02
5.700000000000000000e+01,7.254016115686279416e-03
5.708333333333332860e+01,1.788966197825296936e-02
5.716666666666666430e+01,3.263777094810803997e-02
5.725000000000000000e+01,1.307924705603082799e-02
5.733333333333332860e+01,2.803443924757363995e-02
5.741666666666666430e+01,4.963833589914832395e-02
5.750000000000000000e+01,1.361028502745133817e-01
5.758333333333332860e+01,8.878553158005322854e-02
5.766666666666666430e+01,4.928444623469937363e-02
5.775000000000000000e+01,9.915859585533977338e-02
5.783333333333332860e+01,1.615924724719564887e-01
5.791666666666666430e+01,1.423261647637840549e-02
5.800000000000000000e+01,1.823005761243196889e-03
5.808333333333332860e+01,1.664452354489229582e-02
5.816666666666666430e+01,8.417542859447357806e-02
5.825000000000000000e+01,5.402002009589195602e-02
5.833333333333332860e+01,6.353925918335530387e-02
5.841666666666666430e+01,2.715458037461515595e-02
5.850000000000000000e+01,3.685119621103327692e-02
5.858333333333332860e+01,8.990549570500164234e-02
5.866666666666666430e+01,2.588319018789855125e-02
5.875000000000000000e+01,5.707841663725685133e-02
5.883333333333332860e+01,8.527555242878338826e-02
5.891666666666666430e+01,3.505245209104523862e-02
5.900000000000000000e+01,1.549931644336117499e-02
5.908333333333332860e+01,1.140010841509626026e-02
5.916666666666666430e+01,3.175134339581730386e-02
5.925000000000000000e+01,2.806244638418879320e-02
5.933333333333332860e+01,2.735638803846863684e-02
5.941666666666666430e+01,1.548743507112391310e-02
5.950000000000000000e+01,1.039465245355632173e-01
5.958333333333332860e+01,9.636321108066416008e-02
5.966666666666666430e+01,2.124719648119767490e-02
5.975000000000000000e+01,2.386090117179726804e-04
5.983333333333332860e+01,6.710351861922631000e-02
5.991666666666666430e+01,7.838223353784637415e-02
6.000000000000000000e+01,5.713438131852398572e-01
6.008333333333332860e+01,5.936504087041538646e-01
6.016666666666666430e+01,2.224869533684322928e-02
6.025000000000000000e+01,1.127111182489646118e-01
6.033333333333332860e+01,9.102035344098914627e-02
6.041666666666666430e+01,3.208235484871131693e-02
6.050000000000000000e+01,5.851573920394149281e-02
6.058333333333332860e+01,6.142064093621318194e-03
6.066666666666666430e+01,2.184320041966993781e-02
6.075000000000000000e+01,2.844774371690874694e-03
6.083333333333332860e+01,4.312572543604425990e-02
6.091666666666666430e+01,2.238532420231928791e-03
6.100000000000000000e+01,1.503556086343043885e-01
6.108333333333332860e+01,1.075129357087137479e-02
6.116666666666666430e+01,7.257955717254098438e-02
6.125000000000000000e+01,2.271046198840842578e-01
6.133333333333332860e+01,1.949134081056656809e-01
6.141666666666666430e+01,4.695263539070017311e-02
6.150000000000000000e+01,4.271002862688486057e-03
6.158333333333332860e+01,3.340534538022771338e-02
6.166666666666666430e+01,4.297614685055124728e-02
6.175000000000000000e+01,4.367911522346146908e-02
6.183333333333332860e+01,1.067192861006377308e-01
6.191666666666666430e+01,7.883015038438144495e-02
6.200000000000000000e+01,8.743353673561647665e-02
6.208333333333332860e+01,1.283204254550487922e-01
6.216666666666666430e+01,1.063174089998275562e-01
6.225000000000000000e+01,5.310997503853148033e-02
6.233333333333332860e+01,1.718554384893460768e-02
6.241666666666666430e+01,4.284888949635062144e-02
6.250000000000000000e+01,3.890293960225358824e-03
6.258333333333332860e+01,5.046452906483135659e-02
6.266666666666666430e+01,8.518991083708188361e-02
6.275000000000000000e+01,1.006212474397991524e-01
6.283333333333332860e+01,1.139922997133593907e-01
6.291666666666666430e+01,8.264974701544031133e-02
6.300000000000000000e+01,9.203872657844384964e-02
6.308333333333332860e+01,9.150122184155724814e-02
6.316666666666666430e+01,1.031393874315039705e-02
6.325000000000000000e+01,4.619758406486085961e-02
6.333333333333332860e+01,9.220535895496566325e-02
6.341666666666666430e+01,3.000551231074353314e-02
6.350000000000000000e+01,2.287769195946852060e-02
6.358333333333332860e+01,3.127363286080481197e-02
6.366666666666666430e+01,1.258707223955624344e-01
6.375000000000000000e+01,3.508593712743346416e-02
6.383333333333332860e+01,1.462572690201956183e-01
6.391666666666666430e+01,6.632098893714354071e-02
6.400000000000000000e+01,2.589162747073240900e-01
6.408333333333332860e+01,1.411746819056331481e-01
6.416666666666665719e+01,4.888987291222058468e-02
6.425000000000000000e+01,5.054775984987477933e-02
6.433333333333332860e+01,1.426177323803583079e-02
6.441666666666665719e+01,3.553840073537810340e-02
6.450000000000000000e+01,9.548241290630568590e-02
6.458333333333332860e+01,3.354197369770674231e-02
6.466666666666665719e+01,7.588032534654552685e-02
6.475000000000000000e+01,3.971848918212586566e-02
6.483333333333332860e+01,6.225884167418489767e-02
6.491666666666665719e+01,9.118162777978200059e-03
6.500000000000000000e+01,2.989340780989262550e-02
6.508333333333332860e+01,3.676504658487143168e-02
6.516666666666665719e+01,1.301692630145223975e-02
6.525000000000000000e+01,3.232533228571404793e-02
6.533333333333332860e+01,7.688373988226334180e-03
6.541666666666665719e+01,1.464888709146780488e-01
6.550000000000000000e+01,8.581560241702079761e-02
6.558333333333332860e+01,1.855772384372507758e-02
6.566666666666665719e+01,4.406219548184937829e-02
6.575000000000000000e+01,2.309980575043172474e-03
6.583333333333332860e+01,8.816415855811693403e-02
6.591666666666665719e+01,9.062647027658812804e-02
6.600000000000000000e+01,7.377793958621160428e-03
6.608333333333332860e+01,1.374620104219642126e-02
6.616666666666665719e+01,5.215407744445099344e-03
6.625000000000000000e+01,3.732907978580810027e-02
6.633333333333332860e+01,2.605385312140503021e-02
6.641666666666665719e+01,1.250897464797233113e-02
6.650000000000000000e+01,3.369941182588177819e-02
6.658333333333332860e+01,1.010780621669969681e-01
6.666666666666665719e+01,5.822678679619695125e-02
6.675000000000000000e+01,1.385891893719646021e-03
6.683333333333332860e+01,4.240267058745734313e-02
6.691666666666665719e+01,4.786426620726742798e-02
6.700000000000000000e+01,8.283343448237651119e-02
6.708333333333332860e+01,3.899077926905558655e-02
6.716666666666665719e+01,6.656556926819172729e-03
6.725000000000000000e+01,3.172008716118481821e-03
6.733333333333332860e+01,7.640044696528362463e-04
6.741666666666665719e+01,8.369392861489719643e-03
6.750000000000000000e+01,1.344864903070907280e-01
6.758333333333332860e+01,9.101963947206737071e-02
6.766666666666665719e+01,1.555785071284210806e-02
6.775000000000000000e+01,4.681869569665739889e-02
6.783333333333332860e+01,6.784482934087816830e-02
6.791666666666665719e+01,2.941713722955773685e-03
6.800000000000000000e+01,7.358633599177985540e-02
6.808333333333332860e+01,8.387781748724199016e-02
6.816666666666665719e+01,2.612246563856789744e-02
6.825000000000000000e+01,4.178140118419589738e-02
6.833333333333332860e+01,4.505478667316096392e-02
6.841666666666665719e+01,1.330934675934646559e-02
6.850000000000000000e+01,3.817932836310879152e-02
6.858333333333332860e+01,1.406872964480139487e-02
6.866666666666665719e+01,2.083943358845095906e-02
6.875000000000000000e+01,4.818265841475539990e-02
6.883333333333332860e+01,6.074039740764634876e-02
6.891666666666665719e+01,1.733637845384151943e-01
6.900000000000000000e+01,1.590299134247778468e-01
6.908333333333332860e+01,1.317610373730752904e-01
6.916666666666665719e+01,1.607761484140889929e-01
6.925000000000000000e+01,3.619614820807841304e-02
6.933333333333332860e+01,2.553902224454228029e-02
6.941666666666665719e+01,1.482474680250853161e-02
6.950000000000000000e+01,2.155599393445000941e-02
6.958333333333332860e+01,3.172613586387997009e-02
6.966666666666665719e+01,2.095310316876962675e-01
6.975000000000000000e+01,3.844585115142208631e-02
6.983333333333332860e+01,6.175121429780467547e-02
6.991666666666665719e+01,1.070723826305408632e-02
7.000000000000000000e+01,4.190499187427339928e-02
7.008333333333332860e+01,5.223707602607800121e-02
7.016666666666665719e+01,8.876046068835530267e-02
7.025000000000000000e+01,2.962349403174494369e-02
7.033333333333332860e+01,7.047487585632365367e-03
7.041666666666665719e+01,8.537230029603393557e-04
7.050000000000000000e+01,3.923821022496207234e-03
7.058333333333332860e+01,1.471362378289419737e-01
7.066666666666665719e+01,3.690899790065004654e-02
7.075000000000000000e+01,1.259448383509734724e-02
7.083333333333332860e+01,7.414878676389366485e-02
7.091666666666665719e+01,5.840809930480543068e-03
7.100000000000000000e+01,4.811378579084716473e-02
7.108333333333332860e+01,2.215831407895641966e-02
7.116666666666665719e+01,5.684539798617830458e-02
7.125000000000000000e+01,1.085380011153770502e-01
7.133333333333332860e+01,9.529355632886277183e-02
7.141666666666665719e+01,1.780513356110140135e-03
7.150000000000000000e+01,4.697347372677883326e-02
7.158333333333332860e+01,1.411053642589836163e-02
7.166666666666665719e+01,1.781786524582646249e-03
7.175000000000000000e+01,1.193595655505023390e-01
7.183333333333332860e+01,5.180997186457913378e-02
7.191666666666665719e+01,3.209209006810707226e-02
7.200000000000000000e+01,5.720352018806255934e-02
7.208333333333332860e+01,1.473146544589215741e-02
7.216666666666665719e+01,4.584888629631204277e-02
7.225000000000000000e+01,2.334214309138107207e-02
7.233333333333332860e+01,8.545448303601184403e-02
7.241666666666665719e+01,2.246115003342255209e-02
7.250000000000000000e+01,5.499313410274605553e-03
7.258333333333332860e+01,9.866038667897944481e-02
7.266666666666665719e+01,1.426077522319975019e-02
7.275000000000000000e+01,8.780109756259106557e-02
7.283333333333332860e+01,1.356469131226949003e-02
7.291666666666665719e+01,5.488178914275207432e-02
7.300000000000000000e+01,1.101915127820320833e-01
7.308333333333332860e+01,6.014604703361105947e-02
7.316666666666665719e+01,5.355477880250235530e-03
7.325000000000000000e+01,4.938437830354344693e-02
7.333333333333332860e+01,1.537629648989202180e-01
7.341666666666665719e+01,3.241620823578261062e-02
7.350000000000000000e+01,3.600887678475857279e-02
7.358333333333332860e+01,1.155735288266651790e-02
7.366666666666665719e+01,1.422611441993506254e-01
7.375000000000000000e+01,9.172928456748850878e-02
7.383333333333332860e+01,3.004220549826837686e-02
7.391666666666665719e+01,2.108590415044069022e-02
7.400000000000000000e+01,8.033735835502529843e-02
7.408333333333332860e+01,3.884472100710877757e-02
7.416666666666665719e+01,8.722672383653101713e-02
7.425000000000000000e+01,2.608643550871864517e-02
7.433333333333332860e+01,6.136484333176263350e-02
7.441666666666665719e+01,1.740070438660061905e-02
7.450000000000000000e+01,1.390259668378104052e-01
7.458333333333332860e+01,5.692065080004574118e-02
7.466666666666665719e+01,1.511247328296322356e-01
7.475000000000000000e+01,1.128421160837100590e-01
7.483333333333332860e+01,1.905733643799365981e-02
7.491666666666665719e+01,3.533101836995418410e-02
7.500000000000000000e+01,5.266472917876415666e-02
7.508333333333332860e+01,1.852145764430174202e-02
7.516666666666665719e+01,3.769044943715063600e-03
7.525000000000000000e+01,3.926017009246346272e-03
7.533333333333332860e+01,1.978877531913928942e-02
7.541666666666665719e+01,3.299521011784050870e-03
7.550000000000000000e+01,2.569057402093470610e-02
7.558333333333332860e+01,4.871930121114504547e-02
7.566666666666665719e+01,6.618961646338096527e-02
7.575000000000000000e+01,1.512731851123082227e-02
7.583333333333332860e+01,1.152517912067562572e-01
7.591666666666665719e+01,1.492698642232563599e-02
7.600000000000000000e+01,1.260832154556509009e-02
7.608333333333332860e+01,2.472785468458646441e-02
7.616666666666665719e+01,2.612423951323090965e-02
7.625000000000000000e+01,2.273547762273970055e-02
7.633333333333332860e+01,1.374194353265473234e-01
7.641666666666665719e+01,5.810856050242563936e-02
7.650000000000000000e+01,3.572202986171686689e-02
7.658333333333332860e+01,1.074958047248278370e-02
7.666666666666665719e+01,4.193533780442521702e-02
7.675000000000000000e+01,4.691255499702492310e-02
7.683333333333332860e+01,2.720136417216411154e-02
7.691666666666665719e+01,2.116949870419782692e-02
7.700000000000000000e+01,1.326545565809066074e-01
7.708333333333332860e+01,6.678717829055019761e-02
7.716666666666665719e+01,6.153000109646901417e-02
7.725000000000000000e+01,4.701011908384263374e-03
7.733333333333332860e+01,1.696634715412575697e-02
7.741666666666665719e+01,1.035509260003736609e-01
7.750000000000000000e+01,9.481204937873174976e-02
7.758333333333332860e+01,4.335260924033242785e-02
7.766666666666665719e+01,9.553803393114793097e-02
7.775000000000000000e+01,2.611134623624157547e-02
7.783333333333332860e+01,2.897322921939960057e-03
7.791666666666665719e+01,3.278856958709771424e-02
7.800000000000000000e+01,7.174692230538283651e-03
7.808333333333332860e+01,2.795182049365657964e-02
7.816666666666665719e+01,8.190419129595205225e-03
7.825000000000000000e+01,8.046056898075748531e-02
7.833333333333332860e+01,1.935538291875117320e-02
7.841666666666665719e+01,1.079744020641800473e-01
7.850000000000000000e+01,1.427792415620831867e-01
7.858333333333332860e+01,6.846049570706204401e-03
7.866666666666665719e+01,3.002549954199016172e-02
7.875000000000000000e+01,3.179064358329578704e-02
7.883333333333332860e+01,5.853830069041446316e-02
7.891666666666665719e+01,5.245186864931872424e-03
7.900000000000000000e+01,4.529939491166331406e-02
7.908333333333332860e+01,8.020815195467005665e-02
7.916666666666665719e+01,1.935366890694019959e-01
7.925000000000000000e+01,6.614986661584058847e-02
7.933333333333332860e+01,1.853772962453814344e-01
7.941666666666665719e+01,2.843233271001724058e-02
7.950000000000000000e+01,4.125189147701914527e-02
7.958333333333332860e+01,2.781967474228509013e-02
7.966666666666665719e+01,1.042155061411648709e-01
7.975000000000000000e+01,3.372700697336778602e-02
7.983333333333332860e+01,2.613987717494271543e-02
7.991666666666665719e+01,2.113151926607768558e-02
8.000000000000000000e+01,4.494948379551169659e-02
8.008333333333332860e+01,8.149595297195885713e-02
8.016666666666665719e+01,2.747748569306025790e-02
8.025000000000000000e+01,7.533172811108393430e-04
8.033333333333332860e+01,1.251243508115363820e-02
8.041666666666665719e+01,3.922696089068262310e-02
8.050000000000000000e+01,6.598481851320495140e-02
8.058333333333332860e+01,1.499762774519105002e-01
8.066666666666665719e+01,6.671909459739455706e-02
8.075000000000000000e+01,8.724620439563367247e-03
8.083333333333332860e+01,4.805983665826193268e-02
8.091666666666665719e+01,7.913377793253092984e-02
8.100000000000000000e+01,3.224215936882628836e-02
8.108333333333332860e+01,3.100805186035952583e-03
8.116666666666665719e+01,3.034735818658074267e-03
8.125000000000000000e+01,7.297405484700003088e-03
8.133333333333332860e+01,2.999759059113703275e-02
8.141666666666665719e+01,3.921224943691094256e-02
8.150000000000000000e+01,2.513832354867842969e-02
8.158333333333332860e+01,1.251777896608462504e-01
8.166666666666665719e+01,2.971120825255776920e-02
8.175000000000000000e+01,9.699566480658369794e-02
8.183333333333332860e+01,4.780347021589811257e-02
8.191666666666665719e+01,1.185597648298350598e-01
8.200000000000000000e+01,3.366934127498272256e-02
8.208333333333332860e+01,2.258061824608368906e-01
8.216666666666665719e+01,5.912861808168136390e-02
8.225000000000000000e+01,3.899827686717767528e-02
8.233333333333332860e+01,3.799201114980904886e-03
8.241666666666665719e+01,3.570269344641971432e-02
8.250000000000000000e+01,8.676036863086276918e-02
8.258333333333332860e+01,4.721612938363371759e-02
8.266666666666665719e+01,1.409141476050711217e-02
8.275000000000000000e+01,1.982944059084086955e-02
8.283333333333332860e+01,2.165786105708236708e-03
8.291666666666665719e+01,3.605360161873980701e-02
8.300000000000000000e+01,1.647036858498594769e-01
8.308333333333332860e+01,6.387866985466240932e-02
8.316666666666665719e+01,3.063179575482477199e-02
8.325000000000000000e+01,4.872232422163608190e-02
8.333333333333332860e+01,2.560125226415198296e-02
8.341666666666665719e+01,4.362249599148378121e-02
8.350000000000000000e+01,7.581685826785768134e-02
8.358333333333332860e+01,1.704784724373572180e-03
8.366666666666665719e+01,3.773234518741069854e-02
8.375000000000000000e+01,1.381278156376585832e-03
8.383333333333332860e+01,2.195412360305752132e-03
8.391666666666665719e+01,3.085710762337634527e-02
8.400000000000000000e+01,4.142167077161711813e-02
8.408333333333332860e+01,1.348019583781670805e-01
8.416666666666665719e+01,6.197874125253167998e-02
8.425000000000000000e+01,6.477389079569074483e-03
8.433333333333332860e+01,1.384002917052521396e-02
8.441666666666665719e+01,4.819714249939009709e-02
8.450000000000000000e+01,9.454295351709655904e-02
8.458333333333332860e+01,9.393198910915682986e-02
8.466666666666665719e+01,3.537687680676176311e-02
8.475000000000000000e+01,1.051810154379022588e-01
8.483333333333332860e+01,5.616701867801191655e-02
8.491666666666665719e+01,2.596528604294631552e-03
8.500000000000000000e+01,3.574036605864121512e-03
8.508333333333332860e+01,3.243822097909815176e-03
8.516666666666665719e+01,7.614486229176377699e-03
8.525000000000000000e+01,3.086276623021812215e-02
8.533333333333332860e+01,1.759555071629809869e-02
8.541666666666665719e+01,2.808129707731883695e-02
8.550000000000000000e+01,9.511448700962359809e-03
8.558333333333332860e+01,5.373547991490133097e-02
8.566666666666665719e+01,3.559420021966953895e-02
8.575000000000000000e+01,1.199356522515366286e-01
8.583333333333332860e+01,1.265238323137871101e-01
8.591666666666665719e+01,8.965454885807165597e-02
8.600000000000000000e+01,1.632295917739810115e-02
8.608333333333332860e+01,1.013142937492469420e-01
8.616666666666665719e+01,1.415752535514852861e-01
8.625000000000000000e+01,4.460613732990631464e-02
8.633333333333332860e+01,1.648348170690644779e-03
8.641666666666665719e+01,2.948547936137354761e-02
8.650000000000000000e+01,4.492817814328255860e-02
8.658333333333332860e+01,5.287394956829439413e-03
8.666666666666665719e+01,5.703480622173886377e-02
8.675000000000000000e+01,7.307017912803073778e-02
8.683333333333332860e+01,9.661031233489320025e-02
8.691666666666665719e+01,5.796293849393826386e-02
8.700000000000000000e+01,1.270252276311717721e-01
8.708333333333332860e+01,3.721179687499431756e-03
8.716666666666665719e+01,1.001076228229254295e-01
8.725000000000000000e+01,4.338951215195625821e-02
8.733333333333332860e+01,6.500797191724735913e-02
8.741666666666665719e+01,6.496061106836561322e-03
8.750000000000000000e+01,1.834956217223648600e-01
8.758333333333332860e+01,4.268536679462105361e-03
8.766666666666665719e+01,6.224007631459625017e-02
8.775000000000000000e+01,7.714624949126896655e-03
8.783333333333332860e+01,4.636905865622926309e-02
8.791666666666665719e+01,1.648722069439428201e-02
8.800000000000000000e+01,3.173885606220413352e-02
8.808333333333332860e+01,7.502191012367055711e-02
8.816666666666665719e+01,8.077053314525930311e-03
8.825000000000000000e+01,5.235655475183043778e-02
8.833333333333332860e+01,6.389697066035426865e-02
8.841666666666665719e+01,5.890255987941132865e-02
8.850000000000000000e+01,5.922829633576241759e-02
8.858333333333332860e+01,8.150028623747108958e-02
8.866666666666665719e+01,1.360256854378046401e-02
8.875000000000000000e+01,2.700364359101243227e-04
8.883333333333332860e+01,9.481625158274865905e-03
8.891666666666665719e+01,8.401391317309309104e-02
8.900000000000000000e+01,1.529282404375308657e-01
8.908333333333332860e+01,1.540147390436990595e-02
8.916666666666665719e+01,8.691450705354221082e-03
8.925000000000000000e+01,2.462736150238109545e-02
8.933333333333332860e+01,1.972383150271228916e-02
8.941666666666665719e+01,4.970285863707516599e-02
8.950000000000000000e+01,1.670837581676117706e-02
8.958333333333332860e+01,9.927287941925702283e-03
8.966666666666665719e+01,3.703838729089396916e-04
8.975000000000000000e+01,4.801053072026536216e-03
8.983333333333332860e+01,2.993246237798329393e-03
8.991666666666665719e+01,9.574746312746352551e-04
9.000000000000000000e+01,7.755348086143494524e-02
9.008333333333332860e+01,5.974496621672600177e-02
9.016666666666665719e+01,4.363828902237187196e-02
9.025000000000000000e+01,4.036679014236245477e-02
9.033333333333332860e+01,8.414166526413961733e-02
9.041666666666665719e+01,2.514387785991003751e-02
9.050000000000000000e+01,1.595945182868268794e-02
9.058333333333332860e+01,4.917889822803464539e-02
9.066666666666665719e+01,3.030166890604333706e-03
9.075000000000000000e+01,2.064028352645326525e-02
9.083333333333332860e+01,1.040593056934965011e-01
9.091666666666665719e+01,3.436418180107612269e-02
9.100000000000000000e+01,1.978940685527425247e-01
9.108333333333332860e+01,1.467650381651313396e-01
9.116666666666665719e+01,9.090796432586553677e-02
9.125000000000000000e+01,8.512592068611855162e-03
9.133333333333332860e+01,3.802531197798168783e-02
9.141666666666665719e+01,4.010524155093880133e-02
9.150000000000000000e+01,5.266325086737141947e-02
9.158333333333332860e+01,1.106029080315450164e-02
9.166666666666665719e+01,1.167466916628350782e-01
9.175000000000000000e+01,9.195042228422357911e-03
9.183333333333332860e+01,1.560177426605794705e-02
9.191666666666665719e+01,2.114646650299089117e-02
9.200000000000000000e+01,8.597758408047266598e-02
9.208333333333332860e+01,3.774656712658855384e-02
9.216666666666665719e+01,1.683409887734201582e-01
9.225000000000000000e+01,2.652833500828461269e-02
9.233333333333332860e+01,1.109955512230558494e-01
9.241666666666665719e+01,3.039518382711302313e-02
9.250000000000000000e+01,6.196754675196864542e-02
9.258333333333332860e+01,1.890280860299080323e-02
9.266666666666665719e+01,6.683663943542721142e-02
9.275000000000000000e+01,3.004335460945280895e-02
9.283333333333332860e+01,1.229887720470528578e-01
9.291666666666665719e+01,4.775788172288628758e-02
9.300000000000000000e+01,1.101038210905324333e-01
9.308333333333332860e+01,3.670277482816516890e-02
9.316666666666665719e+01,1.571444835227379100e-01
9.325000000000000000e+01,1.425541547967891509e-01
9.333333333333332860e+01,1.244814526693647540e-02
9.341666666666665719e+01,2.334516129372657747e-02
9.350000000000000000e+01,1.631638722153919696e-01
9.358333333333332860e+01,1.918424834173169252e-02
9.366666666666665719e+01,2.104017317138674042e-02
9.375000000000000000e+01,3.384685676707692610e-03
9.383333333333332860e+01,2.138098017710241688e-02
9.391666666666665719e+01,4.107571807501139011e-02
9.400000000000000000e+01,2.495155805188721890e-02
9.408333333333332860e+01,1.434455712373863996e-02
9.416666666666665719e+01,4.905076144024394375e-03
9.425000000000000000e+01,8.331317261950138553e-02
9.433333333333332860e+01,1.431455328340235089e-02
9.441666666666665719e+01,2.470730524556269403e-02
9.450000000000000000e+01,3.837516727370565012e-02
9.458333333333332860e+01,4.861517514683697666e-02
9.466666666666665719e+01,8.406305614029609130e-02
9.475000000000000000e+01,6.176998982235643032e-02
9.483333333333332860e+01,2.357531083349925088e-02
9.491666666666665719e+01,4.869004318974087808e-02
9.500000000000000000e+01,9.086517005064209673e-02
9.508333333333332860e+01,1.504655877925036578e-01
9.516666666666665719e+01,5.090570510806863291e-02
9.525000000000000000e+01,2.337959542084148273e-02
9.533333333333332860e+01,4.697472455761880772e-02
9.541666666666665719e+01,9.459900168097458428e-02
9.550000000000000000e+01,2.308798558105440435e-02
9.558333333333332860e+01,4.991553598577892249e-03
9.566666666666665719e+01,8.350438383040588441e-02
9.575000000000000000e+01,2.998756712061050739e-02
9.583333333333332860e+01,1.729134571826062075e-02
9.591666666666665719e+01,5.733573239634129869e-03
9.600000000000000000e+01,1.090766158093598448e-01
9.608333333333332860e+01,3.441560804034784343e-02
9.616666666666665719e+01,1.899782974537666397e-02
9.625000000000000000e+01,4.720195134771189294e-02
9.633333333333332860e+01,8.335792032993092487e-03
9.641666666666665719e+01,5.476571019990091743e-02
9.650000000000000000e+01,8.592326731256472172e-02
9.658333333333332860e+01,5.452260849955412048e-02
9.666666666666665719e+01,7.719210558297313896e-02
9.675000000000000000e+01,1.191289206437570053e-01
9.683333333333332860e+01,1.545187977441261906e-01
9.691666666666665719e+01,9.145156288138632517e-02
9.700000000000000000e+01,1.669270169039778831e-02
9.708333333333332860e+01,2.000150783023211740e-02
9.716666666666665719e+01,7.544585473855336616e-04
9.725000000000000000e+01,7.867126544954137699e-04
9.733333333333332860e+01,3.984178715155825556e-02
9.741666666666665719e+01,1.683771548387260134e-02
9.750000000000000000e+01,7.946873624011854820e-02
9.758333333333332860e+01,7.585678182374883116e-02
9.766666666666665719e+01,1.062813040567702969e-03
9.775000000000000000e+01,1.211082252134330628e-01
9.783333333333332860e+01,3.576521335012724373e-02
9.791666666666665719e+01,1.256950793518843944e-02
9.800000000000000000e+01,5.649270306091411925e-02
9.808333333333332860e+01,1.324793558708592910e-02
9.816666666666665719e+01,9.009130008509159959e-02
9.825000000000000000e+01,7.916019701452632618e-02
9.833333333333332860e+01,1.424840545470189568e-01
9.841666666666665719e+01,5.603805081603427385e-02
9.850000000000000000e+01,5.662696803521823780e-02
9.858333333333332860e+01,1.401887729744989881e-02
9.866666666666665719e+01,1.060095649469349269e-02
9.875000000000000000e+01,6.967469723273016224e-02
9.883333333333332860e+01,6.365917012185559609e-02
9.891666666666665719e+01,9.903940919624161510e-03
9.900000000000000000e+01,1.167187220009629697e-02
9.908333333333332860e+01,2.143109032541004946e-02
9.916666666666665719e+01,4.088196166764873629e-02
9.925000000000000000e+01,3.268961901226930672e-03
9.933333333333332860e+01,2.434878939902248574e-01
9.941666666666665719e+01,8.372399494330342922e-04
9.950000000000000000e+01,9.340200495960378213e-02
9.958333333333332860e+01,4.566731392738129086e-02
9.966666666666665719e+01,2.033648915404736440e-02
9.975000000000000000e+01,3.000181624523257443e-02
9.983333333333332860e+01,2.139415764539490464e-02
9.991666666666665719e+01,1.298348599323913798e-02
1.000000000000000000e+02,1.792216060599959720e-02
1.000833333333333286e+02,5.023050244012623733e-02
1.001666666666666572e+02,4.395645750146863137e-03
1.002500000000000000e+02,1.717763634951880933e-02
1.003333333333333286e+02,5.250625425688107244e-03
1.004166666666666572e+02,3.604021410342139048e-02
1.005000000000000000e+02,6.103253493343085458e-03
1.005833333333333286e+02,1.071173861894865187e-01
1.006666666666666572e+02,8.105481584868788614e-02
1.007500000000000000e+02,4.221597086224782025e-02
1.008333333333333286e+02,5.704800890079868292e-02
1.009166666666666572e+02,1.069992653899654663e-04
1.010000000000000000e+02,1.094553087165441863e-01
1.010833333333333286e+02,5.121945870772358009e-03
1.011666666666666572e+02,8.795149964826876748e-03
1.012500000000000000e+02,2.665351637777550742e-02
1.013333333333333286e+02,1.069339944779407747e-01
1.014166666666666572e+02,4.496590780212640116e-03
1.015000000000000000e+02,3.681471385830434317e-02
1.015833333333333286e+02,2.655435876387287134e-02
1.016666666666666572e+02,2.963872634784549265e-02
1.017500000000000000e+02,2.908715493006649652e-02
1.018333333333333286e+02,1.800082104212693754e-02
1.019166666666666572e+02,2.769608966451556631e-01
1.020000000000000000e+02,1.017047128125023736e-01
1.020833333333333286e+02,1.004650271243273801e-01
1.021666666666666572e+02,5.338540662329700065e-02
1.022500000000000000e+02,2.268726240054105142e-02
1.023333333333333286e+02,5.177524119739720064e-03
1.024166666666666572e+02,7.713385569539100463e-03
1.025000000000000000e+02,2.967000616655836656e-03
1.025833333333333286e+02,8.028063344609466523e-02
1.026666666666666572e+02,3.534856281008807999e-02
1.027500000000000000e+02,7.583990095278009269e-02
1.028333333333333286e+02,2.469515739069312599e-02
1.029166666666666572e+02,1.796124456284537568e-02
1.030000000000000000e+02,1.237235468950796113e-01
1.030833333333333286e+02,1.658847281664369566e-01
1.031666666666666572e+02,1.082753648730452184e-01
1.032500000000000000e+02,3.778933992153776095e-02
1.033333333333333286e+02,2.766295705021546130e-03
1.034166666666666572e+02,2.665000702776221600e-02
1.035000000000000000e+02,2.694423480025630660e-02
1.035833333333333286e+02,2.401780193499564175e-02
1.036666666666666572e+02,4.562597239547043276e-04
1.037500000000000000e+02,1.082921226166351641e-01
1.038333333333333286e+02,1.976203055695068943e-03
1.039166666666666572e+02,2.903147021994660973e-02
1.040000000000000000e+02,4.669524788383678376e-02
1.040833333333333286e+02,3.899026224976767652e-02
1.041666666666666572e+02,3.848596125559711201e-02
1.042500000000000000e+02,1.757094981343057527e-01
1.043333333333333286e+02,5.228266765067011296e-02
1.044166666666666572e+02,1.468374826754491151e-02
1.045000000000000000e+02,7.073499668421687203e-02
1.045833333333333286e+02,4.619868886309240474e-02
1.046666666666666572e+02,1.973919968156462312e-02
1.047500000000000000e+02,3.528184048971676895e-02
1.048333333333333286e+02,1.168533746075219176e-01
1.049166666666666572e+02,8.548242338688762099e-02
1.050000000000000000e+02,6.111571132500243520e-04
1.050833333333333286e+02,4.599735433854953287e-02
1.051666666666666572e+02,2.625008916742384291e-02
1.052500000000000000e+02,2.903277399167725550e-02
1.053333333333333286e+02,1.046263910639540738e-02
1.054166666666666572e+02,2.419340442698774893e-02
1.055000000000000000e+02,1.114381061524195027e-01
1.055833333333333286e+02,5.208508016376621474e-02
1.056666666666666572e+02,3.447561264692127619e-02
1.057500000000000000e+02,5.964439609231163286e-02
1.058333333333333286e+02,1.263717871209220078e-01
1.059166666666666572e+02,2.191387987321074746e-02
1.060000000000000000e+02,7.939397444471760212e-02
1.060833333333333286e+02,5.693640213472259126e-02
1.061666666666666572e+02,5.548141633083525370e-02
1.062500000000000000e+02,1.632122605374254631e-02
1.063333333333333286e+02,1.359078295827280680e-01
1.064166666666666572e+02,1.237528495240487053e-02
1.065000000000000000e+02,1.687328856511639830e-01
1.065833333333333286e+02,7.374721110850988859e-02
1.066666666666666572e+02,3.902272073641229605e-02
1.067500000000000000e+02,1.340135378464128377e-02
1.068333333333333286e+02,1.183487738182044530e-01
1.069166666666666572e+02,1.527147603447855280e-02
1.070000000000000000e+02,1.213021635860375286e-01
1.070833333333333286e+02,3.281464504448343422e-02
1.071666666666666572e+02,4.538412077942458392e-03
1.072500000000000000e+02,5.234609592273933854e-02
1.073333333333333286e+02,1.873889254444800201e-01
1.074166666666666572e+02,4.757512928964791055e-02
1.075000000000000000e+02,1.186585031969265014e-01
1.075833333333333286e+02,2.877839741537990478e-02
1.076666666666666572e+02,5.759323293651633785e-02
1.077500000000000000e+02,4.260414806390679619e-03
1.078333333333333286e+02,2.082418736624199254e-02
1.079166666666666572e+02,2.261987338603647750e-03
1.080000000000000000e+02,2.402563701234121385e-02
1.080833333333333286e+02,2.408379722763447084e-02
1.081666666666666572e+02,9.418089886934427613e-02
1.082500000000000000e+02,2.984378498967502763e-02
1.083333333333333286e+02,2.538725946093152788e-02
1.084166666666666572e+02,5.187188154395133005e-02
1.085000000000000000e+02,1.297257876595672797e-03
1.085833333333333286e+02,2.934064244732019142e-02
1.086666666666666572e+02,3.817286528948286677e-03
1.087500000000000000e+02,7.258090040179229763e-02
1.088333333333333286e+02,1.128234331365044613e-01
1.089166666666666572e+02,3.060429921333505075e-03
1.090000000000000000e+02,1.439263304613848660e-01
1.090833333333333286e+02,2.521739031105401652e-01
1.091666666666666572e+02,1.067354103959757411e-01
1.092500000000000000e+02,8.733390804688946282e-03
1.093333333333333286e+02,5.461240652327051942e-02
1.094166666666666572e+02,6.434934268654589687e-04
1.095000000000000000e+02,2.741837730774492141e-03
1.095833333333333286e+02,6.006481434669645909e-03
1.096666666666666572e+02,3.778473294475881428e-02
1.097500000000000000e+02,8.911177130508231292e-02
1.098333333333333286e+02,4.046680299182259244e-02
1.099166666666666572e+02,2.043462877855579604e-02
1.100000000000000000e+02,8.030412620713437907e-03
1.100833333333333286e+02,3.692413658085470091e-02
1.101666666666666572e+02,1.226441403172025962e-01
1.102500000000000000e+02,9.444781096225488004e-02
1.103333333333333286e+02,9.576193858951628779e-02
1.104166666666666572e+02,1.372309840154693761e-01
1.105000000000000000e+02,8.461497651362544226e-02
1.105833333333333286e+02,5.596732791415183483e-02
1.106666666666666572e+02,4.752924254609931093e-02
1.107500000000000000e+02,2.265000314782484869e-01
1.108333333333333286e+02,1.616098583919516329e-01
1.109166666666666572e+02,1.726506977095670914e-02
1.110000000000000000e+02,2.952076503441354235e-02
1.110833333333333286e+02,3.380971309559346882e-02
1.111666666666666572e+02,1.084192536043029030e-02
1.112500000000000000e+02,4.174288554797799672e-02
1.113333333333333286e+02,5.985129229854527222e-02
1.114166666666666572e+02,1.691662316408675329e-02
1.115000000000000000e+02,4.480305937629327356e-02
1.115833333333333286e+02,8.972700867854137285e-02
1.116666666666666572e+02,3.547241514906987470e-02
1.117500000000000000e+02,4.054524000051824839e-02
1.118333333333333286e+02,1.171182956897450986e-02
1.119166666666666572e+02,1.969286681683323770e-01
1.120000000000000000e+02,2.086864005798606467e-02
1.120833333333333286e+02,5.631622898926301468e-02
1.121666666666666572e+02,1.139314335631681913e-01
1.122500000000000000e+02,9.592525231900564386e-02
1.123333333333333286e+02,4.578793613230852655e-02
1.124166666666666572e+02,3.260580268419226851e-02
1.125000000000000000e+02,7.448398397496527878e-02
1.125833333333333286e+02,6.299816662348292282e-03
1.126666666666666572e+02,6.946261944551573864e-02
1.127500000000000000e+02,3.430705688708399898e-02
1.128333333333333286e+02,6.545934092172635277e-02
1.129166666666666572e+02,3.869149434954709948e-02
1.130000000000000000e+02,7.918857079185002805e-04
1.130833333333333286e+02,2.825495158231890527e-02
1.131666666666666572e+02,1.304071585815601807e-02
1.132500000000000000e+02,2.913996524424277909e-02
1.133333333333333286e+02,4.836532823934412001e-02
1.134166666666666572e+02,5.125214634582713619e-02
1.135000000000000000e+02,1.676090528521257117e-01
1.135833333333333286e+02,1.054065893151452833e-02
1.136666666666666572e+02,3.404823968677118950e-02
1.137500000000000000e+02,3.477323684729835551e-02
1.138333333333333286e+02,1.137088206437743693e-01
1.139166666666666572e+02,1.044894344818463397e-02
1.140000000000000000e+02,3.475527072653942368e-02
1.140833333333333286e+02,8.526790677247400585e-02
1.141666666666666572e+02,6.123410136928570530e-02
1.142500000000000000e+02,8.086682598729906524e-02
1.143333333333333286e+02,1.007816359295864508e-02
1.144166666666666572e+02,5.139616250812811121e-03
1.145000000000000000e+02,4.365571740386752289e-03
1.145833333333333286e+02,1.735335753284202587e-01
1.146666666666666572e+02,5.061277006781113308e-02
1.147500000000000000e+02,6.801073836667848038e-02
1.148333333333333286e+02,4.391791936368428378e-02
1.149166666666666572e+02,7.088702543026539904e-02
1.150000000000000000e+02,1.788787172506935488e-02
1.150833333333333286e+02,5.318204558310312899e-03
1.151666666666666572e+02,2.136037159971053423e-02
1.152500000000000000e+02,4.072530674508698101e-02
1.153333333333333286e+02,6.035049787699576368e-02
1.154166666666666572e+02,1.153993519796176447e-02
1.155000000000000000e+02,7.124314141737478345e-02
1.155833333333333286e+02,1.342037117651557164e-02
1.156666666666666572e+02,3.242195680809532160e-02
1.157500000000000000e+02,8.472730744080005094e-02
1.158333333333333286e+02,1.164659146453455793e-02
1.159166666666666572e+02,4.354440135850575627e-02
1.160000000000000000e+02,2.175326230247564413e-02
1.160833333333333286e+02,1.196926622569554621e-01
1.161666666666666572e+02,2.168183636175616269e-02
1.162500000000000000e+02,6.776964644850808073e-02
1.163333333333333286e+02,1.646252752072286385e-01
1.164166666666666572e+02,6.841928190856259862e-02
1.165000000000000000e+02,3.748008900019083461e-02
1.165833333333333286e+02,4.995367408597075351e-04
1.166666666666666572e+02,1.030281990745987447e-01
1.167500000000000000e+02,8.531885631082640475e-03
1.168333333333333286e+02,5.522933269528799288e-02
1.169166666666666572e+02,2.092114659084033101e-01
1.170000000000000000e+02,4.896433063128203568e-03
1.170833333333333286e+02,4.554613320034410105e-04
1.171666666666666572e+02,1.156562596762783154e-02
1.172500000000000000e+02,1.680500792612984670e-02
1.173333333333333286e+02,2.373446551350493275e-02
1.174166666666666572e+02,9.782120388531086175e-02
1.175000000000000000e+02,1.157780257412205013e-02
1.175833333333333286e+02,1.379117070764449178e-02
1.176666666666666572e+02,7.409458069583307882e-02
1.177500000000000000e+02,9.261453051150066174e-03
1.178333333333333286e+02,5.356630923708302627e-02
1.179166666666666572e+02,2.292127739290509419e-02
1.180000000000000000e+02,5.750425348949117846e-03
1.180833333333333286e+02,9.473347646553517687e-02
1.181666666666666572e+02,6.266536330292186985e-02
1.182500000000000000e+02,1.161481768225453431e-01
1.183333333333333286e+02,9.150096897383820649e-02
1.184166666666666572e+02,2.250406675894886868e-02
1.185000000000000000e+02,4.848028063341142807e-02
1.185833333333333286e+02,4.424555778223523278e-02
1.186666666666666572e+02,1.284354433698830789e-01
1.187500000000000000e+02,3.494224724603314097e-02
1.188333333333333286e+02,3.431973331145846129e-02
1.189166666666666572e+02,2.158859397263848331e-02
1.190000000000000000e+02,1.560599021306061443e-02
1.190833333333333286e+02,7.880950717702535704e-03
1.191666666666666572e+02,3.831993642362953312e-02
1.192500000000000000e+02,4.190488483612819087e-02
1.193333333333333286e+02,1.397617168135843746e-02
1.194166666666666572e+02,1.302562278964358722e-02
1.195000000000000000e+02,7.109576024552498319e-02
1.195833333333333286e+02,1.974179415060835566e-02
1.196666666666666572e+02,4.031462249021713906e-02
1.197500000000000000e+02,1.886079459113939594e-01
1.198333333333333286e+02,9.119773892841982754e-02
1.199166666666666572e+02,2.297374906303958630e-01
1.200000000000000000e+02,3.782128274772892929e-01
1.200833333333333286e+02,4.681516585596673941e-01
1.201666666666666572e+02,1.607137564654317896e-01
1.202500000000000000e+02,3.452397023617924735e-03
1.203333333333333286e+02,6.818497900284731933e-03
1.204166666666666572e+02,2.994446097732415477e-03
1.205000000000000000e+02,2.014634448992739801e-01
1.205833333333333286e+02,9.376588587678566511e-02
1.206666666666666572e+02,3.731797915079922666e-03
1.207500000000000000e+02,3.131838146478244968e-03
1.208333333333333286e+02,2.036323562248989333e-02
1.209166666666666572e+02,1.266528936405775796e-01
1.210000000000000000e+02,2.933380590222916303e-03
1.210833333333333286e+02,1.035123358885070739e-02
1.211666666666666572e+02,3.562775373397087525e-02
1.212500000000000000e+02,1.761949919733455869e-02
1.213333333333333286e+02,1.029797843544320302e-01
1.214166666666666572e+02,4.363465881033529864e-02
1.215000000000000000e+02,1.529541661776808448e-01
1.215833333333333286e+02,6.443850910568567347e-02
1.216666666666666572e+02,4.412227553649807760e-02
1.217500000000000000e+02,5.294017092528174179e-02
1.218333333333333286e+02,1.148978124076967949e-01
1.219166666666666572e+02,7.673890870727539948e-02
1.220000000000000000e+02,8.405203312070221033e-02
1.220833333333333286e+02,8.338200507085305468e-02
1.221666666666666572e+02,1.457455938533627586e-02
1.222500000000000000e+02,5.786920666650306744e-02
1.223333333333333286e+02,5.490080973545078541e-02
1.224166666666666572e+02,4.001460896127099348e-02
1.225000000000000000e+02,7.491796450007376373e-02
1.225833333333333286e+02,5.099791256959456537e-02
1.226666666666666572e+02,8.718040701956093763e-02
1.227500000000000000e+02,6.786281623906270655e-02
1.228333333333333286e+02,2.623106712869792650e-04
1.229166666666666572e+02,8.588963193736953716e-02
1.230000000000000000e+02,1.414416663222469589e-02
1.230833333333333286e+02,2.135876897795818685e-02
1.231666666666666572e+02,9.230263116506286225e-02
1.232500000000000000e+02,7.131772818349674248e-02
1.233333333333333286e+02,1.027472406473502464e-01
1.234166666666666572e+02,2.210274242346883800e-02
1.235000000000000000e+02,9.132825594349244791e-02
1.235833333333333286e+02,1.969829672033721613e-01
1.236666666666666572e+02,4.151741264102061790e-01
1.237500000000000000e+02,2.117935156812146835e-01
1.238333333333333286e+02,1.238027974149289029e-01
1.239166666666666572e+02,2.530638917079713890e-02
1.240000000000000000e+02,5.925148266798811736e-02
1.240833333333333286e+02,6.363671107750584754e-02
1.241666666666666572e+02,2.184517694179860265e-03
1.242500000000000000e+02,8.798291042901500159e-02
1.243333333333333286e+02,2.333646788088366078e-02
1.244166666666666572e+02,3.061121021014996321e-02
1.245000000000000000e+02,1.209915959153470000e-01
1.245833333333333286e+02,9.493689038217115184e-02
1.246666666666666572e+02,2.487211548364883645e-02
1.247500000000000000e+02,5.066445946135474804e-02
1.248333333333333286e+02,7.750338437908672710e-03
1.249166666666666572e+02,1.594904788834256015e-02
1.250000000000000000e+02,1.517467550388948150e-01
1.250833333333333286e+02,1.072787102092047085e-01
1.251666666666666572e+02,7.158419026311138578e-02
1.252500000000000000e+02,2.826190509117284481e-03
1.253333333333333286e+02,8.979589664004969385e-02
1.254166666666666572e+02,2.874662503278909570e-02
1.255000000000000000e+02,9.007534233198270790e-02
1.255833333333333286e+02,2.239400030688613874e-02
1.256666666666666572e+02,2.051501743551911727e-01
1.257500000000000000e+02,2.947547855014817988e-02
1.258333333333333286e+02,3.536673034774972125e-03
1.259166666666666572e+02,2.077271367984560857e-02
1.260000000000000000e+02,1.059603436225816514e-01
1.260833333333333286e+02,8.903896758539636691e-02
1.261666666666666572e+02,8.043202180162357939e-02
1.262500000000000000e+02,4.251839675757732723e-02
1.263333333333333286e+02,1.374678094105356678e-02
1.264166666666666572e+02,4.730586610827201832e-02
1.265000000000000000e+02,7.013449878161903683e-02
1.265833333333333286e+02,2.314427212794446798e-02
1.266666666666666572e+02,3.480042697159886622e-02
1.267500000000000000e+02,1.340894479860706753e-03
1.268333333333333286e+02,5.658496397155092505e-03
1.269166666666666572e+02,5.660333061101261581e-02
1.270000000000000000e+02,1.862876417062818771e-02
1.270833333333333286e+02,7.521428174419181323e-02
1.271666666666666572e+02,1.469278758020274751e-02
1.272500000000000000e+02,1.584964513616131387e-02
1.273333333333333286e+02,7.519732848838016695e-03
1.274166666666666572e+02,1.078300317869926653e-02
1.275000000000000000e+02,4.735225585591131166e-03
1.275833333333333286e+02,1.969933002709977829e-02
1.276666666666666572e+02,5.040089703505817864e-02
1.277500000000000000e+02,1.906266368811070089e-02
1.278333333333333286e+02,1.528240879744111602e-01
1.279166666666666572e+02,1.545094986303810480e-01
1.280000000000000000e+02,5.504132891507361545e-04
